date,open,high,low,close,volume
2015-01-01 00:00:00,7454.75,7463.2,7420.55,7449.95,0
2015-01-02 00:00:00,7452.8,7625.4,7452.8,7611.7,0
2015-01-05 00:00:00,7637.75,7645.0,7562.65,7575.25,0
2015-01-06 00:00:00,7519.9,7519.9,7290.55,7309.55,0
2015-01-07 00:00:00,7286.55,7329.8,7240.1,7263.8,0
2015-01-08 00:00:00,7373.35,7443.75,7335.4,7424.9,0
2015-01-09 00:00:00,7473.5,7488.7,7338.75,7391.6,0
2015-01-12 00:00:00,7387.0,7450.6,7339.8,7438.65,0
2015-01-13 00:00:00,7470.45,7477.15,7372.85,7401.6,0
2015-01-14 00:00:00,7394.95,7432.25,7332.4,7364.45,0
2015-01-15 00:00:00,7620.55,7726.6,7565.9,7697.1,0
2015-01-16 00:00:00,7715.8,7723.45,7651.8,7697.3,0
2015-01-19 00:00:00,7735.65,7761.65,7705.15,7731.85,0
2015-01-20 00:00:00,7749.0,7936.3,7749.0,7921.9,0
2015-01-21 00:00:00,7946.0,8029.35,7945.75,7976.7,0
2015-01-22 00:00:00,7992.15,8009.6,7955.45,7995.5,0
2015-01-23 00:00:00,8072.95,8148.9,8024.85,8046.3,0
2015-01-27 00:00:00,8097.65,8259.35,8064.85,8239.2,0
2015-01-28 00:00:00,8238.1,8390.54,8210.1,8269.25,0
2015-01-29 00:00:00,8259.04,8265.54,8173.9,8248.35,0
2015-01-30 00:00:00,8286.65,8286.65,7949.1,7987.7,0
2015-02-02 00:00:00,7987.7,8082.05,7898.7,8025.25,0
2015-02-03 00:00:00,8025.25,8056.4,7800.6,7813.5,0
2015-02-04 00:00:00,7823.6,7835.2,7720.3,7747.75,0
2015-02-05 00:00:00,7747.75,7910.75,7690.9,7729.0,0
2015-02-06 00:00:00,7729.0,7778.8,7665.8,7690.75,0
2015-02-09 00:00:00,7690.75,7690.75,7549.4,7561.1,0
2015-02-10 00:00:00,7561.1,7748.8,7486.1,7638.6,0
2015-02-11 00:00:00,7638.6,7747.55,7638.6,7688.95,0
2015-02-12 00:00:00,7688.95,7792.65,7639.45,7773.95,0
2015-02-13 00:00:00,7773.95,7902.9,7773.95,7874.25,0
2015-02-16 00:00:00,7874.25,7948.65,7822.15,7845.75,0
2015-02-18 00:00:00,7845.75,7964.55,7845.75,7928.9,0
2015-02-19 00:00:00,7928.9,7958.2,7803.75,7925.9,0
2015-02-20 00:00:00,7925.9,7932.25,7801.05,7847.5,0
2015-02-23 00:00:00,7847.5,7884.25,7743.1,7767.0,0
2015-02-24 00:00:00,7767.0,7802.45,7714.8,7757.95,0
2015-02-25 00:00:00,7757.95,7863.1,7749.8,7759.9,0
2015-02-26 00:00:00,7759.9,7797.9,7688.9,7711.4,0
2015-02-27 00:00:00,7711.4,7892.75,7711.4,7879.5,0
2015-02-28 00:00:00,7879.5,8068.65,7823.35,8033.45,0
2015-03-02 00:00:00,8033.45,8193.9,8033.45,8153.05,0
2015-03-03 00:00:00,8153.05,8193.75,8122.9,8179.8,0
2015-03-04 00:00:00,8179.8,8379.85,8063.45,8084.25,0
2015-03-05 00:00:00,8084.25,8185.8,8013.35,8150.45,0
2015-03-09 00:00:00,8150.45,8150.45,7908.9,7928.75,0
2015-03-10 00:00:00,7928.75,7933.25,7777.7,7822.25,0
2015-03-11 00:00:00,7822.25,7891.7,7797.35,7830.35,0
2015-03-12 00:00:00,7830.35,7921.75,7830.35,7883.7,0
2015-03-13 00:00:00,7883.7,7995.2,7743.75,7755.7,0
2015-03-16 00:00:00,7720.25,7775.1,7691.95,7733.2,0
2015-03-17 00:00:00,7733.2,7869.55,7733.2,7845.4,0
2015-03-18 00:00:00,7845.4,7887.3,7794.8,7848.2,0
2015-03-19 00:00:00,7848.2,7959.45,7744.3,7760.8,0
2015-03-20 00:00:00,7760.8,7763.0,7686.1,7707.1,0
2015-03-23 00:00:00,7707.1,7728.1,7651.1,7664.4,0
2015-03-24 00:00:00,7664.4,7744.7,7625.25,7647.85,0
2015-03-25 00:00:00,7647.85,7701.45,7604.4,7633.15,0
2015-03-26 00:00:00,7633.15,7633.15,7341.85,7385.4,0
2015-03-27 00:00:00,7385.4,7461.2,7317.0,7418.8,0
2015-03-30 00:00:00,7418.8,7596.15,7418.8,7584.55,0
2015-03-31 00:00:00,7584.55,7633.6,7513.15,7548.65,0
2015-04-01 00:00:00,7548.65,7720.55,7524.15,7699.5,0
2015-04-06 00:00:00,7750.4,7750.4,7612.4,7698.15,0
2015-04-07 00:00:00,7713.7,7715.25,7589.45,7646.6,0
2015-04-08 00:00:00,7676.35,7684.2,7589.75,7603.45,0
2015-04-09 00:00:00,7655.4,7748.5,7600.75,7741.65,0
2015-04-10 00:00:00,7742.55,7744.3,7671.6,7702.4,0
2015-04-13 00:00:00,7728.15,7751.0,7682.45,7715.15,0
2015-04-15 00:00:00,7740.8,7762.9,7616.75,7647.6,0
2015-04-16 00:00:00,7656.75,7656.9,7574.5,7634.8,0
2015-04-17 00:00:00,7628.0,7635.7,7548.1,7561.85,0
2015-04-20 00:00:00,7563.2,7594.75,7430.8,7448.15,0
2015-04-21 00:00:00,7446.7,7507.6,7406.15,7437.15,0
2015-04-22 00:00:00,7470.45,7532.35,7349.2,7504.9,0
2015-04-23 00:00:00,7544.5,7580.55,7453.6,7488.3,0
2015-04-24 00:00:00,7497.4,7497.4,7352.75,7391.2,0
2015-04-27 00:00:00,7419.25,7419.25,7250.45,7260.0,0
2015-04-28 00:00:00,7265.5,7461.55,7250.7,7435.65,0
2015-04-29 00:00:00,7434.95,7471.3,7376.15,7412.55,0
2015-04-30 00:00:00,7413.65,7440.7,7322.9,7386.7,0
2015-05-04 00:00:00,7418.8,7470.15,7400.7,7452.45,0
2015-05-05 00:00:00,7447.2,7461.3,7396.25,7422.25,0
2015-05-06 00:00:00,7412.7,7451.9,7176.15,7194.35,0
2015-05-07 00:00:00,7175.4,7182.05,6995.35,7033.0,0
2015-05-08 00:00:00,7121.55,7267.35,7121.55,7219.2,0
2015-05-11 00:00:00,7268.3,7390.5,7253.1,7381.95,0
2015-05-12 00:00:00,7376.3,7376.3,7150.45,7159.2,0
2015-05-13 00:00:00,7213.7,7352.5,7161.4,7341.9,0
2015-05-14 00:00:00,7338.8,7346.05,7226.9,7332.55,0
2015-05-15 00:00:00,7358.2,7399.0,7325.35,7381.75,0
2015-05-18 00:00:00,7409.7,7505.65,7385.45,7494.6,0
2015-05-19 00:00:00,7465.6,7524.9,7420.65,7450.7,0
2015-05-20 00:00:00,7474.1,7551.85,7474.1,7536.2,0
2015-05-21 00:00:00,7542.8,7556.55,7471.7,7508.0,0
2015-05-22 00:00:00,7525.15,7613.3,7505.45,7526.55,0
2015-05-25 00:00:00,7505.45,7525.85,7436.65,7446.0,0
2015-05-26 00:00:00,7450.35,7461.5,7396.6,7425.9,0
2015-05-27 00:00:00,7407.25,7497.9,7380.55,7488.45,0
2015-05-28 00:00:00,7497.65,7525.95,7404.05,7454.25,0
2015-05-29 00:00:00,7466.8,7545.45,7460.5,7535.75,0
2015-06-01 00:00:00,7538.75,7581.5,7503.65,7509.55,0
2015-06-02 00:00:00,7520.3,7520.65,7245.05,7256.85,0
2015-06-03 00:00:00,7259.0,7259.0,7110.15,7175.15,0
2015-06-04 00:00:00,7149.55,7203.85,7086.15,7191.3,0
2015-06-05 00:00:00,7178.5,7209.4,7114.5,7129.8,0
2015-06-08 00:00:00,7128.95,7131.7,7038.1,7067.45,0
2015-06-09 00:00:00,7065.8,7122.85,7056.25,7103.2,0
2015-06-10 00:00:00,7093.9,7203.95,7093.9,7176.7,0
2015-06-11 00:00:00,7220.8,7227.4,7000.2,7018.35,0
2015-06-12 00:00:00,7006.05,7132.3,6982.55,7121.95,0
2015-06-15 00:00:00,7113.2,7163.1,7089.8,7141.0,0
2015-06-16 00:00:00,7108.1,7179.85,7051.7,7157.9,0
2015-06-17 00:00:00,7193.65,7208.75,7143.7,7159.8,0
2015-06-18 00:00:00,7188.1,7250.05,7186.1,7233.85,0
2015-06-19 00:00:00,7254.0,7332.3,7249.4,7313.4,0
2015-06-22 08:58:36,7343.35,7524.35,7336.3,7506.4,0
2015-06-23 08:58:37,7531.05,7558.8,7476.6,7542.35,0
2015-06-24 08:58:37,7546.65,7591.0,7500.75,7534.25,0
2015-06-25 08:58:36,7512.35,7612.85,7502.35,7594.5,0
2015-06-26 08:58:36,7580.9,7583.2,7462.65,7527.35,0
2015-06-29 08:59:23,7367.7,7376.1,7321.05,7337.9,0
2015-06-29 11:54:10,7336.9,7500.9,7331.2,7480.2,0
2015-06-30 08:46:07,7473.3,7523.85,7425.25,7508.15,0
2015-07-01 07:05:32,7502.4,7603.3,7495.15,7590.15,0
2015-07-02 07:05:41,7596.55,7612.05,7555.85,7584.75,0
2015-07-02 12:28:15,7583.9,7611.85,7573.15,7590.25,0
2015-07-03 07:08:40,7580.0,7683.2,7575.45,7667.65,0
2015-07-06 06:57:59,7577.7,7706.95,7556.25,7696.35,0
2015-07-07 07:04:09,7697.25,7771.9,7694.2,7726.8,0
2015-07-08 06:59:14,7645.75,7675.9,7554.85,7572.15,0
2015-07-09 06:57:19,7563.25,7612.05,7551.0,7578.35,0
2015-07-10 07:02:46,7603.3,7662.15,7586.1,7642.5,0
2015-07-13 07:14:57,7662.3,7744.2,7629.8,7736.35,0
2015-07-14 07:00:14,7739.4,7742.05,7667.2,7691.6,0
2015-07-15 07:14:16,7697.85,7748.25,7694.15,7729.25,0
2015-07-16 07:16:05,7748.65,7886.35,7748.55,7870.8,0
2015-07-17 06:59:18,7876.6,7879.4,7798.9,7807.75,0
2015-07-20 08:58:32,7834.55,7834.55,7726.45,7778.5,0
2015-07-21 07:05:22,7784.95,7816.7,7660.7,7666.25,0
2015-07-22 08:58:32,7646.9,7812.4,7636.5,7796.75,0
2015-07-23 06:58:03,7804.35,7835.25,7742.2,7765.9,0
2015-07-24 08:58:32,7762.25,7774.55,7691.7,7699.4,0
2015-07-27 08:18:53,7668.9,7668.9,7523.8,7537.0,0
2015-07-28 09:13:27,7541.5,7581.8,7484.2,7513.35,0
2015-07-29 08:55:02,7535.85,7572.15,7518.4,7536.35,0
2015-07-30 09:06:18,7572.55,7641.55,7572.55,7589.15,0
2015-07-31 08:14:59,7601.8,7713.4,7588.1,7682.6,0
2015-08-03 08:14:58,7687.55,7765.35,7687.55,7721.9,0
2015-08-04 08:14:57,7742.05,7775.3,7659.05,7721.7,0
2015-08-05 08:14:56,7752.2,7785.0,7690.7,7704.35,0
2015-08-06 08:14:56,7715.6,7769.5,7660.65,7738.85,0
2015-08-07 08:14:55,7732.75,7745.5,7679.2,7695.4,0
2015-08-10 08:58:46,7718.05,7797.2,7662.6,7700.6,0
2015-08-10 09:00:36,7718.05,7785.65,7701.05,7781.7,0
2015-08-11 08:14:52,7716.05,7721.8,7580.9,7600.55,0
2015-08-12 08:51:31,7560.65,7560.65,7376.8,7387.75,0
2015-08-13 09:23:55,7476.6,7485.05,7378.5,7411.7,0
2015-08-14 08:48:51,7457.6,7643.4,7427.5,7630.65,0
2015-08-17 08:48:35,7633.45,7671.6,7546.85,7610.75,0
2015-08-18 08:14:48,7624.4,7624.4,7521.75,7573.1,0
2015-08-19 08:58:28,7557.6,7584.25,7518.0,7541.95,0
2015-08-20 08:14:46,7494.15,7550.75,7399.65,7418.9,0
2015-08-21 08:14:46,7319.75,7353.45,7242.0,7329.55,0
2015-08-24 08:14:43,7103.1,7103.1,6816.0,6849.7,0
2015-08-25 08:14:42,6941.4,6967.6,6762.0,6939.0,0
2015-08-26 08:43:39,6911.15,6937.4,6790.7,6808.85,0
2015-08-27 08:14:41,6909.3,7044.2,6908.15,7028.2,0
2015-08-28 08:42:51,7100.45,7162.8,7000.6,7047.1,0
2015-08-31 08:14:39,7025.15,7098.8,6959.5,6997.9,0
2015-09-01 08:14:38,6932.1,6932.1,6752.3,6783.3,0
2015-09-02 08:14:37,6858.4,6871.3,6626.6,6652.85,0
2015-09-03 08:14:37,6719.2,6828.85,6683.5,6809.85,0
2015-09-04 08:29:49,6764.3,6764.3,6579.1,6627.45,0
2015-09-07 08:14:34,6656.65,6704.9,6515.5,6531.2,0
2015-09-08 08:14:34,6564.85,6749.6,6545.05,6718.85,0
2015-09-09 08:14:33,6830.15,6893.75,6781.15,6832.7,0
2015-09-10 08:32:30,6725.65,6837.1,6661.0,6792.35,0
2015-09-11 08:14:31,6832.35,6865.45,6778.75,6807.3,0
2015-09-14 08:14:29,6805.7,6921.15,6769.25,6911.55,0
2015-09-15 08:14:29,6899.8,6909.5,6825.3,6846.25,0
2015-09-16 08:14:28,6906.8,6944.4,6867.75,6928.1,0
2015-09-18 08:14:27,7024.8,7171.5,7001.7,7076.0,0
2015-09-21 08:14:25,6987.4,7137.85,6984.25,7126.85,0
2015-09-22 08:14:24,7146.55,7161.55,6899.25,6924.1,0
2015-09-23 08:58:24,6832.15,7005.25,6820.35,6981.55,0
2015-09-24 08:14:22,6964.05,7006.8,6910.8,6978.55,0
2015-09-28 08:14:19,7006.55,7035.55,6924.0,6934.2,0
2015-09-29 08:14:19,6848.9,7117.75,6780.25,7053.45,0
2015-09-30 08:14:19,7123.6,7125.7,7000.8,7048.1,0
2015-10-01 08:14:18,7118.0,7118.0,6980.7,6996.15,0
2015-10-05 08:14:14,7088.55,7269.0,7088.55,7258.25,0
2015-10-06 08:14:14,7322.15,7322.15,7191.95,7240.65,0
2015-10-07 08:24:47,7222.2,7270.9,7204.35,7261.2,0
2015-10-08 08:14:13,7264.95,7264.95,7168.45,7207.4,0
2015-10-09 08:14:12,7269.5,7316.4,7218.45,7268.65,0
2015-10-12 08:14:10,7295.2,7314.8,7230.6,7243.65,0
2015-10-13 08:14:09,7225.15,7269.55,7208.7,7249.95,0
2015-10-14 08:14:09,7212.85,7267.85,7212.85,7260.25,0
2015-10-15 08:58:20,7281.25,7332.15,7274.45,7299.9,0
2015-10-16 08:14:07,7307.65,7401.0,7268.0,7387.35,0
2015-10-19 08:14:05,7401.0,7401.0,7350.2,7377.0,0
2015-10-20 07:14:05,7368.45,7402.1,7336.3,7373.6,0
2015-10-21 07:14:04,7371.4,7406.4,7296.55,7355.0,0
2015-10-23 07:14:03,7415.15,7470.05,7411.7,7455.4,0
2015-10-26 07:14:01,7495.6,7495.6,7380.15,7394.1,0
2015-10-27 07:14:00,7359.55,7372.5,7328.15,7353.3,0
2015-10-28 07:13:59,7285.15,7320.55,7176.2,7217.55,0
2015-10-29 07:22:02,7224.25,7224.25,7153.15,7162.5,0
2015-10-30 09:00:17,7173.3,7224.95,7134.45,7201.65,0
2015-11-02 08:58:17,7195.7,7214.9,7094.85,7145.7,0
2015-11-03 07:13:55,7188.8,7206.75,7127.5,7149.65,0
2015-11-04 08:43:06,7196.25,7201.6,7096.95,7115.55,0
2015-11-05 08:37:11,7099.7,7099.7,7014.15,7025.1,0
2015-11-06 07:32:02,7024.0,7066.65,7002.6,7027.65,0
2015-11-10 07:47:15,6933.15,6977.6,6883.75,6896.55,0
2015-11-11 16:09:08,6896.55,6896.55,6896.55,6896.55,0
2015-11-11 17:35:10,6936.55,6965.5,6936.55,6945.45,0
2015-11-13 07:13:49,6908.2,6953.95,6859.55,6941.65,0
2015-11-16 09:15:00,6912.7,7027.15,6903.6,7000.75,0
2015-11-17 16:05:32,7054.8,7054.8,6964.75,7017.7,0
2015-11-18 16:05:39,7008.9,7034.45,6880.45,6889.65,0
2015-11-19 16:04:54,6940.3,7025.4,6921.25,7014.6,0
2015-11-20 16:06:05,7003.35,7079.45,6962.1,6998.8,0
2015-11-23 09:15:00,7026.55,7026.55,6945.65,6979.1,0
2015-11-24 09:15:00,6964.9,7032.1,6954.7,6997.95,0
2015-11-26 09:15:00,6999.45,7052.15,6996.15,7017.85,0
2015-11-27 09:15:00,7034.65,7143.05,7016.75,7125.8,0
2015-11-30 09:15:00,7106.8,7152.0,7096.8,7109.35,0
2015-12-01 09:15:00,7128.3,7145.15,7098.95,7122.2,0
2015-12-02 09:15:00,7137.05,7149.9,7032.6,7057.7,0
2015-12-03 09:15:00,7030.05,7047.95,6995.6,7005.1,0
2015-12-04 09:15:00,6962.8,6962.8,6890.85,6899.1,0
2015-12-07 09:15:00,6942.75,6953.7,6919.05,6927.6,0
2015-12-08 09:15:00,6902.8,6908.4,6859.1,6864.9,0
2015-12-09 09:15:00,6845.75,6879.05,6795.25,6803.4,0
2015-12-10 09:15:00,6816.6,6865.5,6795.8,6855.25,0
2015-12-11 09:15:00,6871.25,6872.4,6702.85,6741.6,0
2015-12-14 09:15:00,6677.85,6780.75,6677.85,6765.1,0
2015-12-15 09:15:00,6757.2,6813.7,6709.85,6801.8,0
2015-12-16 09:15:00,6827.65,6890.8,6801.5,6873.0,0
2015-12-17 09:15:00,6911.0,6963.05,6859.25,6956.3,0
2015-12-18 09:15:00,6960.2,6960.2,6883.35,6891.25,0
2015-12-21 09:15:00,6880.9,6986.25,6880.45,6976.3,0
2015-12-22 09:15:00,6974.0,7020.55,6938.95,6953.6,0
2015-12-23 09:15:00,6982.1,7015.6,6978.5,7006.25,0
2015-12-24 09:15:00,7022.75,7025.2,6948.2,6968.3,0
2015-12-28 09:15:00,6978.4,7028.5,6978.4,7014.15,0
2015-12-29 09:15:00,7017.0,7044.6,7003.8,7032.0,0
2015-12-30 09:15:00,7040.6,7051.0,7001.6,7006.35,0
2015-12-31 09:15:00,7006.3,7077.0,7006.3,7059.15,0
2016-01-01 09:15:00,7057.95,7103.05,7024.4,7091.45,0
2016-01-04 09:15:00,7058.25,7058.25,6901.95,6909.3,0
2016-01-05 09:15:00,6942.3,6942.3,6873.55,6891.65,0
2016-01-06 09:15:00,6878.35,6925.5,6829.15,6854.25,0
2016-01-07 09:15:00,6785.95,6785.95,6691.9,6704.0,0
2016-01-08 09:15:00,6734.85,6758.4,6706.55,6723.05,0
2016-01-11 09:15:00,6660.55,6722.45,6599.65,6664.75,0
2016-01-12 09:15:00,6696.3,6696.3,6563.9,6579.7,0
2016-01-13 09:15:00,6617.55,6662.75,6495.3,6632.0,0
2016-01-14 09:15:00,6535.7,6611.55,6481.25,6539.8,0
2016-01-15 09:15:00,6541.7,6546.7,6363.75,6380.15,0
2016-01-18 09:15:00,6356.85,6392.85,6273.4,6283.65,0
2016-01-19 09:15:00,6308.0,6414.55,6308.0,6395.95,0
2016-01-20 09:15:00,6314.65,6316.85,6215.95,6279.85,0
2016-01-21 09:15:00,6356.2,6416.25,6260.2,6317.6,0
2016-01-22 09:15:00,6406.55,6496.3,6379.3,6470.7,0
2016-01-25 09:15:00,6531.75,6541.7,6501.4,6519.95,0
2016-01-27 09:15:00,6554.05,6561.5,6484.35,6501.1,0
2016-01-28 09:15:00,6487.35,6487.35,6412.8,6422.05,0
2016-01-29 09:15:00,6347.75,6518.15,6347.75,6507.8,0
2016-02-01 09:15:00,6521.8,6521.8,6415.65,6429.35,0
2016-02-02 09:15:00,6439.4,6480.5,6326.05,6344.0,0
2016-02-03 09:15:00,6284.4,6285.2,6233.65,6244.2,0
2016-02-04 09:15:00,6293.7,6314.0,6234.35,6267.9,0
2016-02-05 09:15:00,6289.2,6404.3,6284.0,6389.25,0
2016-02-08 09:15:00,6408.0,6452.1,6302.35,6335.1,0
2016-02-09 09:15:00,6250.85,6306.3,6234.05,6278.1,0
2016-02-10 09:15:00,6228.9,6246.4,6117.25,6143.4,0
2016-02-11 09:15:00,6116.0,6124.8,5857.05,5886.25,0
2016-02-12 09:15:00,5921.7,5949.3,5811.9,5884.2,0
2016-02-15 09:15:00,5943.85,6057.85,5943.35,6022.85,0
2016-02-16 09:15:00,6071.3,6071.3,5909.4,5921.1,0
2016-02-17 09:15:00,5920.5,5932.55,5818.8,5906.85,0
2016-02-18 09:15:00,5977.75,5993.75,5910.7,5950.15,0
2016-02-19 09:15:00,5930.0,5969.45,5903.6,5954.2,0
2016-02-22 09:15:00,5938.75,5986.9,5936.95,5962.15,0
2016-02-23 09:15:00,5967.05,5967.05,5821.35,5836.95,0
2016-02-24 09:15:00,5793.05,5797.8,5717.05,5728.55,0
2016-02-25 09:15:00,5746.0,5755.3,5679.2,5689.9,0
2016-02-26 09:15:00,5755.5,5810.8,5706.6,5775.15,0
2016-02-29 09:15:00,5786.2,5935.8,5615.0,5839.25,0
2016-03-01 09:15:00,5886.9,6014.8,5871.15,6001.6,0
2016-03-02 09:15:00,6121.15,6265.2,6118.9,6247.35,0
2016-03-03 09:15:00,6283.4,6313.25,6239.25,6299.6,0
2016-03-04 09:15:00,6328.3,6385.8,6234.55,6356.25,0
2016-03-08 09:15:00,6344.85,6370.3,6281.65,6314.5,0
2016-03-09 09:15:00,6276.3,6344.1,6224.65,6331.7,0
2016-03-10 09:15:00,6362.95,6368.85,6277.85,6332.3,0
2016-03-11 09:15:00,6331.75,6391.7,6276.15,6333.25,0
2016-03-14 09:15:00,6389.8,6431.8,6342.5,6374.15,0
2016-03-15 09:15:00,6366.7,6374.85,6315.7,6321.75,0
2016-03-16 09:15:00,6298.85,6391.45,6255.7,6382.55,0
2016-03-17 09:15:00,6441.8,6489.6,6323.05,6364.2,0
2016-03-18 09:15:00,6381.15,6459.15,6364.45,6450.85,0
2016-03-21 09:15:00,6476.8,6574.95,6476.8,6565.75,0
2016-03-22 09:15:00,6555.0,6612.7,6511.6,6595.45,0
2016-03-23 09:15:00,6572.05,6588.7,6523.3,6576.3,0
2016-03-28 09:15:00,6560.05,6564.7,6433.75,6463.45,0
2016-03-29 09:15:00,6444.6,6500.1,6441.6,6453.95,0
2016-03-30 09:15:00,6509.3,6602.5,6469.15,6591.9,0
2016-03-31 09:15:00,6587.35,6621.7,6543.45,6579.4,0
2016-04-01 09:15:00,6560.75,6600.7,6529.2,6590.5,0
2016-04-04 09:15:00,6624.05,6633.3,6532.1,6584.4,0
2016-04-05 09:15:00,6563.15,6572.2,6420.3,6435.15,0
2016-04-06 09:15:00,6464.55,6464.55,6394.8,6417.25,0
2016-04-07 09:15:00,6424.3,6424.3,6319.2,6355.05,0
2016-04-08 09:15:00,6355.0,6394.3,6347.35,6380.6,0
2016-04-11 09:15:00,6403.05,6456.5,6309.95,6446.4,0
2016-04-12 09:15:00,6449.95,6499.7,6438.45,6482.95,0
2016-04-13 09:15:00,6557.2,6664.7,6557.2,6645.6,0
2016-04-18 09:15:00,6684.95,6684.95,6549.5,6650.55,0
2016-04-20 09:15:00,6697.8,6719.5,6644.15,6695.15,0
2016-04-21 09:15:00,6751.4,6828.95,6751.4,6791.0,0
2016-04-22 09:15:00,6782.15,6792.3,6745.35,6781.55,0
2016-04-25 09:15:00,6783.45,6794.0,6730.2,6754.15,0
2016-04-26 09:15:00,6733.9,6875.65,6715.45,6864.85,0
2016-04-27 09:15:00,6813.65,6847.9,6793.3,6806.15,0
2016-04-28 09:15:00,6810.2,6851.6,6686.1,6697.45,0
2016-04-29 09:15:00,6696.85,6745.6,6644.4,6724.7,0
2016-05-02 09:15:00,6672.75,6703.15,6656.05,6676.15,0
2016-05-03 09:15:00,6694.7,6760.45,6626.75,6635.8,0
2016-05-04 09:15:00,6612.05,6700.4,6603.2,6635.25,0
2016-05-05 09:15:00,6653.55,6732.0,6652.45,6677.85,0
2016-05-06 09:15:00,6674.15,6711.35,6644.8,6692.6,0
2016-05-09 09:15:00,6712.4,6863.0,6712.4,6854.3,0
2016-05-10 09:15:00,6862.05,6914.9,6841.85,6904.65,0
2016-05-11 09:15:00,6819.45,6925.45,6807.0,6879.25,0
2016-05-12 09:15:00,6922.6,6951.65,6888.75,6934.0,0
2016-05-13 09:15:00,6921.35,6928.3,6791.1,6824.8,0
2016-05-16 09:15:00,6837.35,6868.35,6746.7,6856.65,0
2016-05-17 09:15:00,6894.1,6956.85,6879.85,6905.6,0
2016-05-18 09:15:00,6864.6,6902.65,6826.85,6888.3,0
2016-05-19 09:15:00,6891.55,6891.55,6783.6,6794.15,0
2016-05-20 09:15:00,6810.3,6830.0,6748.55,6759.1,0
2016-05-23 09:15:00,6793.1,6800.15,6708.95,6720.6,0
2016-05-24 09:15:00,6734.65,6783.3,6716.25,6765.55,0
2016-05-25 09:15:00,6824.15,6960.75,6818.05,6952.8,0
2016-05-26 09:15:00,6973.6,7125.9,6942.9,7099.75,0
2016-05-27 09:15:00,7101.3,7194.5,7099.3,7189.45,0
2016-05-30 09:15:00,7209.7,7229.75,7140.35,7171.9,0
2016-05-31 09:15:00,7203.55,7207.15,7136.75,7193.25,0
2016-06-01 09:15:00,7217.0,7217.0,7138.15,7145.9,0
2016-06-02 09:15:00,7134.3,7218.45,7115.45,7208.6,0
2016-06-03 09:15:00,7241.8,7275.05,7233.7,7241.15,0
2016-06-06 09:15:00,7258.15,7271.75,7211.15,7220.7,0
2016-06-07 09:15:00,7265.15,7324.6,7226.3,7313.05,0
2016-06-08 09:15:00,7323.9,7347.3,7293.1,7329.05,0
2016-06-09 09:15:00,7328.3,7336.65,7241.6,7270.85,0
2016-06-10 09:15:00,7251.8,7334.2,7231.85,7236.1,0
2016-06-13 09:15:00,7155.9,7170.0,7100.3,7120.4,0
2016-06-14 09:15:00,7157.7,7157.7,7093.9,7132.0,0
2016-06-15 09:15:00,7163.75,7235.75,7129.05,7223.05,0
2016-06-16 09:15:00,7189.5,7191.4,7088.9,7146.05,0
2016-06-17 09:15:00,7193.15,7232.8,7146.15,7183.15,0
2016-06-20 09:15:00,7083.3,7201.7,7083.3,7189.2,0
2016-06-21 09:15:00,7211.55,7211.55,7158.9,7184.5,0
2016-06-22 09:15:00,7176.0,7226.6,7136.85,7186.3,0
2016-06-23 09:15:00,7187.35,7274.4,7165.7,7265.65,0
2016-06-24 09:15:00,7028.5,7099.55,6924.65,7090.15,0
2016-06-27 09:15:00,7050.6,7166.9,7050.6,7120.65,0
2016-06-28 09:15:00,7110.3,7167.7,7110.3,7157.25,0
2016-06-29 09:15:00,7187.6,7236.3,7171.3,7228.3,0
2016-06-30 09:15:00,7284.1,7339.35,7278.95,7320.65,0
2016-07-01 09:15:00,7344.4,7372.9,7316.75,7326.5,0
2016-07-04 09:15:00,7372.55,7405.35,7363.9,7381.55,0
2016-07-05 09:15:00,7394.85,7395.45,7342.45,7351.05,0
2016-07-07 09:15:00,7358.7,7437.15,7340.45,7413.9,0
2016-07-08 09:15:00,7408.55,7417.4,7341.75,7384.6,0
2016-07-11 09:15:00,7477.15,7566.7,7473.05,7552.3,0
2016-07-12 09:15:00,7604.95,7679.05,7593.75,7670.3,0
2016-07-13 09:15:00,7681.9,7692.7,7618.85,7653.95,0
2016-07-14 09:15:00,7657.05,7726.55,7634.7,7722.05,0
2016-07-15 09:15:00,7718.05,7790.5,7685.0,7780.2,0
2016-07-18 09:15:00,7798.15,7840.75,7743.05,7753.45,0
2016-07-19 09:15:00,7770.55,7779.4,7713.1,7744.2,0
2016-07-20 09:15:00,7744.75,7778.5,7735.45,7755.6,0
2016-07-21 09:15:00,7759.9,7775.25,7654.45,7664.65,0
2016-07-22 09:15:00,7677.75,7723.0,7633.55,7715.15,0
2016-07-25 09:15:00,7687.05,7847.15,7677.25,7829.55,0
2016-07-26 09:15:00,7830.35,7845.3,7770.05,7784.05,0
2016-07-27 09:15:00,7810.85,7900.35,7801.4,7856.2,0
2016-07-28 09:15:00,7865.7,7906.45,7839.5,7897.65,0
2016-07-29 09:15:00,7895.3,7897.9,7828.7,7837.75,0
2016-08-01 09:15:00,7833.2,7912.2,7745.9,7789.85,0
2016-08-02 09:15:00,7803.75,7824.15,7705.65,7717.95,0
2016-08-03 09:15:00,7713.65,7713.65,7617.2,7637.95,0
2016-08-04 09:15:00,7687.45,7687.45,7582.4,7627.5,0
2016-08-05 09:15:00,7688.85,7774.2,7683.45,7766.3,0
2016-08-08 09:15:00,7795.2,7815.45,7779.55,7801.95,0
2016-08-09 09:15:00,7824.9,7824.9,7728.2,7771.05,0
2016-08-10 09:15:00,7779.8,7790.7,7663.05,7675.35,0
2016-08-11 09:15:00,7676.25,7726.45,7652.45,7707.55,0
2016-08-12 09:15:00,7725.4,7855.15,7725.4,7846.4,0
2016-08-16 09:15:00,7862.1,7867.85,7769.55,7831.95,0
2016-08-17 09:15:00,7835.15,7889.05,7815.25,7854.55,0
2016-08-18 09:15:00,7871.5,7952.15,7871.5,7947.0,0
2016-08-19 09:15:00,7967.9,7969.5,7919.1,7948.25,0
2016-08-22 09:15:00,7952.6,7980.25,7893.45,7929.4,0
2016-08-23 09:15:00,7921.0,7934.55,7881.3,7919.9,0
2016-08-24 09:15:00,7941.4,7950.05,7900.3,7941.45,0
2016-08-25 09:15:00,7951.4,7970.15,7882.0,7893.95,0
2016-08-26 09:15:00,7912.95,7932.5,7858.3,7898.65,0
2016-08-29 09:15:00,7894.1,7929.25,7873.8,7917.85,0
2016-08-30 09:15:00,7952.95,8040.95,7952.4,8034.15,0
2016-08-31 09:15:00,8052.2,8149.9,8052.2,8139.2,0
2016-09-01 09:15:00,8150.6,8210.45,8129.35,8166.6,0
2016-09-02 09:15:00,8183.7,8223.0,8179.15,8206.9,0
2016-09-06 09:15:00,8260.15,8397.45,8260.15,8385.85,0
2016-09-07 09:15:00,8410.55,8413.85,8319.7,8334.95,0
2016-09-08 09:15:00,8356.45,8393.6,8342.0,8381.7,0
2016-09-09 09:15:00,8364.4,8364.4,8254.8,8294.55,0
2016-09-12 09:15:00,8150.05,8173.55,8091.4,8135.95,0
2016-09-14 09:15:00,8123.8,8163.45,8103.3,8147.2,0
2016-09-15 09:15:00,8158.0,8176.85,8111.25,8161.45,0
2016-09-16 09:15:00,8200.6,8286.65,8146.7,8164.95,0
2016-09-19 09:15:00,8181.05,8213.7,8153.1,8162.1,0
2016-09-20 09:15:00,8167.75,8168.7,8119.65,8152.8,0
2016-09-21 09:15:00,8172.45,8199.35,8123.3,8151.4,0
2016-09-22 09:15:00,8266.85,8300.1,8211.6,8265.3,0
2016-09-23 09:15:00,8284.15,8290.1,8202.15,8216.65,0
2016-09-26 09:15:00,8181.7,8188.45,8089.3,8100.0,0
2016-09-27 09:15:00,8124.1,8139.3,8056.9,8074.0,0
2016-09-28 09:15:00,8082.2,8132.35,8067.95,8109.0,0
2016-09-29 09:15:00,8152.65,8163.85,7882.05,7927.35,0
2016-09-30 09:15:00,7902.95,7969.2,7880.5,7952.8,0
2016-10-03 09:15:00,7995.05,8109.15,7973.75,8098.55,0
2016-10-04 09:15:00,8114.55,8164.5,8079.7,8136.0,0
2016-10-05 09:15:00,8181.7,8188.55,8067.0,8092.1,0
2016-10-06 09:15:00,8104.2,8116.75,8015.75,8046.2,0
2016-10-07 09:15:00,8052.05,8056.0,7991.45,8022.0,0
2016-10-10 09:15:00,8054.6,8058.1,7981.15,7990.4,0
2016-10-13 09:15:00,7953.65,7972.3,7758.1,7797.45,0
2016-10-14 09:15:00,7818.95,7821.6,7775.3,7795.4,0
2016-10-17 09:15:00,7839.5,7869.8,7775.85,7802.7,0
2016-10-18 09:15:00,7842.4,8024.3,7841.95,8017.5,0
2016-10-19 09:15:00,8047.0,8049.4,7949.45,7975.7,0
2016-10-20 09:15:00,8010.95,8101.0,8003.9,8066.75,0
2016-10-21 09:15:00,8060.4,8067.75,7993.55,8054.65,0
2016-10-24 09:15:00,8079.65,8126.75,8071.45,8091.3,0
2016-10-25 09:15:00,8124.7,8129.2,8047.65,8092.35,0
2016-10-26 09:15:00,8005.95,8044.35,7956.95,7976.75,0
2016-10-27 09:15:00,7968.45,8060.65,7917.05,8048.6,0
2016-10-28 09:15:00,8040.7,8070.7,7977.5,8060.5,0
2016-10-30 18:30:00,8103.4,8105.35,8031.05,8043.3,0
2016-11-01 09:15:00,8069.05,8122.15,8045.5,8059.05,0
2016-11-02 09:15:00,7965.35,7991.75,7928.75,7965.8,0
2016-11-03 09:15:00,7957.95,7996.2,7929.9,7943.0,0
2016-11-04 09:15:00,7961.25,7961.25,7841.05,7872.05,0
2016-11-07 09:15:00,7972.0,7974.15,7915.6,7950.1,0
2016-11-08 09:15:00,7994.4,8027.85,7932.4,8011.35,0
2016-11-09 09:15:00,7551.85,7972.2,7467.9,7939.0,0
2016-11-10 09:15:00,8051.85,8156.5,8020.7,8092.95,0
2016-11-11 09:15:00,8017.75,8056.65,7844.65,7861.8,0
2016-11-15 09:15:00,7867.0,7874.45,7617.0,7664.75,0
2016-11-16 09:15:00,7775.95,7783.1,7636.8,7665.25,0
2016-11-17 09:15:00,7675.9,7729.05,7619.75,7642.3,0
2016-11-18 09:15:00,7670.15,7680.7,7582.7,7602.8,0
2016-11-21 09:15:00,7638.8,7641.9,7407.4,7432.0,0
2016-11-22 09:15:00,7495.0,7522.55,7412.1,7506.0,0
2016-11-23 09:15:00,7547.6,7552.9,7436.55,7492.8,0
2016-11-24 09:15:00,7462.8,7472.5,7382.45,7397.0,0
2016-11-25 09:15:00,7448.35,7521.35,7394.05,7507.6,0
2016-11-28 09:15:00,7432.8,7505.95,7413.95,7462.95,0
2016-11-29 09:15:00,7460.2,7550.05,7443.7,7457.75,0
2016-11-30 09:15:00,7483.6,7610.45,7454.0,7591.45,0
2016-12-01 09:15:00,7618.95,7641.65,7525.2,7533.75,0
2016-12-02 09:15:00,7487.95,7524.3,7413.8,7433.35,0
2016-12-05 09:15:00,7432.35,7450.8,7355.2,7442.15,0
2016-12-06 09:15:00,7458.15,7524.5,7450.4,7480.2,0
2016-12-07 09:15:00,7515.15,7575.85,7361.85,7446.35,0
2016-12-08 09:15:00,7493.55,7584.15,7491.4,7568.7,0
2016-12-09 09:15:00,7578.25,7595.6,7527.3,7585.95,0
2016-12-12 09:15:00,7561.3,7567.6,7467.6,7488.1,0
2016-12-13 09:15:00,7479.35,7516.75,7441.45,7509.25,0
2016-12-14 09:15:00,7516.4,7516.6,7443.15,7457.45,0
2016-12-15 09:15:00,7389.95,7518.25,7381.8,7466.4,0
2016-12-16 09:15:00,7478.65,7481.75,7435.9,7450.25,0
2016-12-19 09:15:00,7426.35,7436.7,7383.05,7393.95,0
2016-12-20 09:15:00,7394.3,7404.15,7300.3,7324.25,0
2016-12-21 09:15:00,7353.05,7374.4,7307.4,7322.5,0
2016-12-22 09:15:00,7305.45,7305.95,7224.3,7235.05,0
2016-12-23 09:15:00,7226.35,7281.1,7212.85,7251.3,0
2016-12-26 09:15:00,7228.25,7239.85,7145.9,7175.35,0
2016-12-27 09:15:00,7186.35,7275.65,7164.65,7263.25,0
2016-12-28 09:15:00,7288.2,7339.95,7250.25,7279.05,0
2016-12-29 09:15:00,7275.55,7360.75,7264.5,7352.25,0
2016-12-30 09:15:00,7361.25,7431.55,7353.35,7407.05,0
2017-01-02 09:15:00,7442.4,7443.1,7262.95,7304.25,0
2017-01-03 09:15:00,7316.5,7347.5,7249.85,7318.85,0
2017-01-04 09:15:00,7325.1,7336.75,7255.85,7264.1,0
2017-01-05 09:15:00,7303.15,7348.25,7284.45,7333.55,0
2017-01-06 09:15:00,7353.5,7403.9,7347.65,7368.35,0
2017-01-09 09:15:00,7386.15,7400.25,7362.85,7371.75,0
2017-01-10 09:15:00,7391.85,7416.6,7370.7,7404.4,0
2017-01-11 09:56:00,7444.6,7534.4,7428.45,7515.75,0
2017-01-12 09:15:00,7540.0,7576.6,7504.95,7520.55,0
2017-01-13 09:15:00,7550.65,7583.45,7517.55,7577.4,0
2017-01-16 09:15:00,7572.0,7658.7,7560.85,7649.1,0
2017-01-17 09:15:00,7660.7,7679.75,7590.5,7625.5,0
2017-01-18 09:15:00,7627.65,7702.9,7627.65,7645.45,0
2017-01-19 09:15:00,7649.0,7652.7,7605.45,7626.7,0
2017-01-20 09:15:00,7574.55,7591.15,7494.55,7505.5,0
2017-01-23 09:15:00,7485.7,7555.0,7476.1,7538.8,0
2017-01-24 09:15:00,7569.45,7637.85,7559.25,7627.95,0
2017-01-25 09:15:00,7658.6,7871.05,7658.4,7853.3,0
2017-01-27 09:15:00,7880.8,8006.85,7874.1,7980.5,0
2017-01-30 09:15:00,7979.8,7998.5,7941.4,7957.75,0
2017-01-31 09:15:00,7943.8,7978.35,7894.6,7917.45,0
2017-02-01 09:15:00,7920.95,8137.65,7914.95,8130.1,0
2017-02-02 09:15:00,8140.45,8153.5,8084.8,8138.3,0
2017-02-03 09:15:00,8137.4,8155.45,8108.95,8146.1,0
2017-02-06 09:15:00,8182.9,8245.3,8182.0,8227.95,0
2017-02-07 09:15:00,8225.5,8235.75,8183.85,8203.2,0
2017-02-08 09:15:00,8209.85,8211.45,8103.6,8168.4,0
2017-02-09 09:15:00,8193.55,8247.45,8092.8,8139.45,0
2017-02-10 09:15:00,8174.55,8200.05,8125.25,8141.2,0
2017-02-13 09:15:00,8176.1,8188.55,8099.8,8158.3,0
2017-02-14 09:15:00,8181.45,8185.4,8121.1,8162.6,0
2017-02-15 09:15:00,8171.15,8205.6,8119.6,8147.35,0
2017-02-16 09:15:00,8166.3,8183.3,8116.35,8176.65,0
2017-02-17 09:15:00,8434.75,8469.3,8252.7,8281.55,0
2017-02-20 09:15:00,8263.95,8324.8,8250.1,8313.75,0
2017-02-21 09:15:00,8318.3,8413.4,8288.35,8399.55,0
2017-02-22 09:15:00,8429.85,8431.0,8371.55,8390.35,0
2017-02-23 09:15:00,8404.45,8435.5,8370.1,8383.2,0
2017-02-27 09:15:00,8378.2,8378.2,8291.7,8302.75,0
2017-02-28 09:15:00,8309.8,8325.95,8272.5,8286.9,0
2017-03-01 09:15:00,8317.35,8394.5,8312.75,8377.35,0
2017-03-02 09:15:00,8411.4,8428.6,8295.9,8310.9,0
2017-03-03 09:15:00,8305.1,8307.45,8221.2,8252.85,0
2017-03-06 09:15:00,8277.25,8351.35,8269.45,8293.0,0
2017-03-07 09:15:00,8314.0,8317.05,8273.25,8283.45,0
2017-03-08 09:15:00,8288.75,8314.1,8242.55,8299.45,0
2017-03-09 09:15:00,8275.9,8339.85,8269.9,8320.45,0
2017-03-10 09:15:00,8355.55,8376.45,8294.5,8320.65,0
2017-03-14 09:15:00,8516.7,8539.4,8473.1,8509.5,0
2017-03-15 09:15:00,8509.75,8575.0,8498.8,8544.55,0
2017-03-16 09:15:00,8573.95,8610.0,8568.4,8601.15,0
2017-03-17 09:15:00,8629.2,8638.35,8571.85,8592.65,0
2017-03-20 09:15:00,8600.5,8600.5,8560.0,8583.6,0
2017-03-21 09:15:00,8577.15,8608.85,8533.25,8561.95,0
2017-03-22 09:15:00,8485.65,8514.15,8461.8,8472.6,0
2017-03-23 09:15:00,8501.45,8531.9,8466.4,8520.9,0
2017-03-24 09:15:00,8548.7,8609.75,8531.2,8591.4,0
2017-03-27 09:15:00,8602.85,8602.85,8529.9,8569.3,0
2017-03-28 09:15:00,8624.85,8684.95,8605.85,8670.95,0
2017-03-29 09:15:00,8706.8,8763.25,8679.3,8747.5,0
2017-03-30 09:15:00,8737.65,8825.25,8724.4,8806.15,0
2017-03-31 09:15:00,8788.35,8790.85,8722.3,8734.3,0
2017-04-03 09:15:00,8775.5,8831.2,8737.15,8825.8,0
2017-04-05 09:15:00,8828.25,8833.25,8774.15,8804.1,0
2017-04-06 09:15:00,8774.7,8801.0,8734.95,8789.95,0
2017-04-07 09:15:00,8751.65,8796.4,8729.0,8741.75,0
2017-04-10 09:15:00,8761.45,8765.7,8711.8,8739.6,0
2017-04-11 09:15:00,8734.55,8844.45,8722.6,8836.3,0
2017-04-12 09:15:00,8835.3,8841.75,8765.0,8797.7,0
2017-04-13 09:15:00,8798.6,8846.7,8781.4,8821.7,0
2017-04-17 09:15:00,8826.1,8859.25,8790.25,8805.1,0
2017-04-18 09:15:00,8829.3,8901.4,8785.7,8802.45,0
2017-04-19 09:15:00,8813.45,8813.45,8737.0,8789.7,0
2017-04-20 09:15:00,8776.8,8845.75,8764.25,8808.25,0
2017-04-21 09:15:00,8834.2,8852.6,8741.95,8816.75,0
2017-04-24 09:15:00,8830.45,8962.75,8824.5,8953.7,0
2017-04-25 09:15:00,8994.0,9061.6,8977.6,9056.2,0
2017-04-26 09:15:00,9091.55,9149.45,8977.45,9133.2,0
2017-04-27 09:15:00,9138.55,9140.5,9075.45,9106.4,0
2017-04-28 09:15:00,9092.25,9094.3,9022.0,9066.05,0
2017-05-02 09:15:00,9089.75,9129.55,9045.5,9117.85,0
2017-05-03 09:15:00,9153.65,9159.1,9069.1,9088.05,0
2017-05-04 09:15:00,9186.5,9264.35,9132.2,9227.1,0
2017-05-05 09:15:00,9267.15,9269.55,9132.0,9164.5,0
2017-05-08 09:15:00,9182.25,9232.2,9158.0,9180.6,0
2017-05-09 09:15:00,9208.35,9220.45,9156.9,9165.75,0
2017-05-10 09:15:00,9196.9,9291.25,9190.1,9280.3,0
2017-05-11 09:15:00,9313.9,9335.2,9252.9,9277.9,0
2017-05-12 09:15:00,9284.5,9292.85,9188.2,9232.7,0
2017-05-15 09:15:00,9257.85,9335.1,9256.65,9309.5,0
2017-05-16 09:15:00,9324.9,9353.3,9284.95,9347.45,0
2017-05-17 09:15:00,9360.2,9367.0,9317.95,9344.05,0
2017-05-18 09:15:00,9272.5,9311.8,9242.2,9259.25,0
2017-05-19 09:15:00,9288.7,9316.25,9192.9,9246.6,0
2017-05-22 09:15:00,9292.0,9298.7,9189.0,9196.5,0
2017-05-23 09:15:00,9207.2,9225.7,9133.55,9158.45,0
2017-05-24 09:15:00,9180.1,9206.2,9115.15,9143.7,0
2017-05-25 09:15:00,9162.15,9370.55,9159.6,9348.75,0
2017-05-26 09:15:00,9331.7,9439.75,9316.9,9419.75,0
2017-05-29 09:15:00,9403.3,9499.0,9389.05,9438.05,0
2017-05-30 09:15:00,9414.4,9488.25,9401.5,9476.65,0
2017-05-31 09:15:00,9489.1,9529.2,9451.5,9510.0,0
2017-06-01 09:15:00,9480.95,9495.25,9444.3,9474.6,0
2017-06-02 09:15:00,9508.75,9534.05,9478.6,9514.0,0
2017-06-05 09:15:00,9522.55,9545.75,9485.0,9532.5,0
2017-06-06 09:15:00,9557.0,9561.65,9504.15,9519.25,0
2017-06-07 09:15:00,9545.8,9575.05,9508.1,9559.2,0
2017-06-08 09:15:00,9590.85,9621.7,9576.05,9597.3,0
2017-06-09 09:15:00,9576.9,9671.8,9559.2,9664.25,0
2017-06-12 09:15:00,9638.55,9642.05,9595.15,9607.95,0
2017-06-13 09:15:00,9591.0,9701.35,9591.0,9636.75,0
2017-06-14 09:15:00,9652.25,9662.25,9584.95,9617.25,0
2017-06-15 09:15:00,9601.8,9614.2,9545.85,9578.0,0
2017-06-16 09:15:00,9591.6,9635.85,9580.0,9626.5,0
2017-06-19 09:15:00,9668.5,9740.3,9646.45,9726.9,0
2017-06-20 09:15:00,9716.35,9728.55,9673.45,9684.35,0
2017-06-21 09:15:00,9669.8,9718.6,9637.2,9693.7,0
2017-06-22 09:15:00,9688.7,9784.45,9688.2,9721.45,0
2017-06-23 09:15:00,9741.35,9747.85,9627.65,9644.4,0
2017-06-27 09:15:00,9675.45,9675.75,9470.1,9539.05,0
2017-06-28 09:15:00,9545.45,9579.1,9496.1,9520.75,0
2017-06-29 09:15:00,9544.0,9609.05,9497.95,9524.15,0
2017-06-30 09:15:00,9485.85,9513.95,9419.35,9494.2,0
2017-07-03 09:15:00,9496.75,9545.05,9457.4,9521.7,0
2017-07-04 09:15:00,9548.25,9561.8,9491.75,9524.75,0
2017-07-05 09:15:00,9529.7,9560.75,9504.6,9546.35,0
2017-07-06 09:15:00,9549.8,9630.65,9542.55,9606.25,0
2017-07-07 09:15:00,9607.7,9610.75,9543.55,9565.8,0
2017-07-10 09:15:00,9604.75,9716.4,9499.0,9633.6,0
2017-07-11 09:15:00,9654.9,9657.6,9592.2,9605.2,0
2017-07-12 09:15:00,9616.9,9658.9,9576.3,9643.1,0
2017-07-13 09:15:00,9684.1,9753.25,9682.65,9729.15,0
2017-07-14 09:15:00,9736.45,9750.9,9665.15,9740.45,0
2017-07-17 09:15:00,9765.25,9807.0,9748.35,9788.0,0
2017-07-18 09:15:00,9773.1,9828.05,9764.1,9773.5,0
2017-07-19 09:15:00,9794.3,9834.05,9783.9,9825.45,0
2017-07-20 09:15:00,9852.05,9881.4,9840.75,9866.9,0
2017-07-21 09:15:00,9880.5,9906.25,9809.65,9888.2,0
2017-07-24 09:15:00,9916.7,9946.0,9884.8,9926.6,0
2017-07-25 09:15:00,10007.5,10008.35,9936.3,9958.8,0
2017-07-26 09:15:00,9981.0,10003.8,9952.15,9986.85,0
2017-07-27 09:15:00,10056.1,10216.3,10034.05,10163.8,0
2017-07-28 09:15:00,10098.5,10196.9,10068.35,10167.75,0
2017-07-31 09:15:00,10191.6,10279.05,10165.5,10269.25,0
2017-08-01 09:15:00,10277.2,10295.3,10204.8,10262.7,0
2017-08-02 09:15:00,10283.5,10290.4,10181.85,10219.45,0
2017-08-03 09:15:00,10219.05,10219.05,10064.4,10086.3,0
2017-08-04 09:15:00,10068.25,10160.3,10049.95,10137.55,0
2017-08-07 09:15:00,10145.85,10237.6,10144.65,10199.25,0
2017-08-08 09:15:00,10220.6,10236.85,10060.4,10101.6,0
2017-08-09 09:15:00,10073.75,10081.85,9997.25,10022.25,0
2017-08-10 09:15:00,9991.6,10022.45,9783.2,9923.15,0
2017-08-11 09:15:00,9806.6,9910.25,9787.9,9837.35,0
2017-08-14 09:15:00,9867.7,9964.9,9862.35,9909.4,0
2017-08-16 09:15:00,9947.85,10053.1,9892.25,10046.1,0
2017-08-17 09:15:00,10070.3,10077.65,9979.5,10020.5,0
2017-08-18 09:15:00,9979.65,9980.6,9892.45,9942.35,0
2017-08-21 09:15:00,9966.9,10012.7,9871.7,9893.4,0
2017-08-22 09:15:00,9951.15,9972.7,9865.85,9910.25,0
2017-08-23 09:15:00,9948.55,10070.25,9943.55,10056.9,0
2017-08-24 09:15:00,10078.7,10089.45,10015.4,10040.7,0
2017-08-28 09:15:00,10081.15,10120.2,10074.25,10097.0,0
2017-08-29 09:15:00,10065.7,10074.25,9963.75,9976.65,0
2017-08-30 09:15:00,10036.95,10110.25,10031.05,10071.45,0
2017-08-31 09:15:00,10091.0,10111.3,10026.85,10098.5,0
2017-09-01 09:15:00,10122.5,10128.7,10075.1,10103.3,0
2017-09-04 09:15:00,10124.1,10125.8,9993.1,10035.65,0
2017-09-05 09:15:00,10048.3,10087.75,10035.35,10071.15,0
2017-09-06 09:15:00,10011.7,10096.05,9989.6,10077.75,0
2017-09-07 09:15:00,10094.45,10152.35,10069.25,10110.0,0
2017-09-08 09:15:00,10145.65,10149.4,10090.4,10121.0,0
2017-09-11 09:15:00,10153.1,10222.3,10153.1,10185.9,0
2017-09-12 09:15:00,10233.55,10256.3,10183.9,10250.0,0
2017-09-13 09:15:00,10256.75,10295.1,10223.35,10246.0,0
2017-09-14 09:15:00,10253.15,10292.1,10237.25,10257.95,0
2017-09-15 09:15:00,10226.7,10271.15,10207.0,10238.5,0
2017-09-18 09:15:00,10279.1,10316.3,10275.05,10292.9,0
2017-09-19 09:15:00,10301.2,10303.4,10256.7,10265.4,0
2017-09-20 09:15:00,10243.7,10282.95,10231.0,10246.75,0
2017-09-21 09:15:00,10237.45,10261.75,10155.25,10218.6,0
2017-09-22 09:15:00,10182.95,10184.7,10050.4,10064.9,0
2017-09-25 09:15:00,10064.15,10064.15,9894.0,9952.75,0
2017-09-26 09:15:00,9936.75,9980.6,9875.9,9952.4,0
2017-09-27 09:15:00,10008.45,10014.05,9791.05,9807.7,0
2017-09-28 09:15:00,9809.0,9938.0,9768.1,9917.95,0
2017-09-29 09:15:00,9959.15,10027.85,9916.15,9939.35,0
2017-10-03 09:15:00,9997.2,10012.35,9928.25,9999.8,0
2017-10-04 09:15:00,10010.4,10040.4,9972.75,10000.55,0
2017-10-05 09:15:00,10005.8,10016.8,9945.95,9956.95,0
2017-10-06 09:15:00,9968.65,10005.45,9955.15,9985.05,0
2017-10-09 09:15:00,9990.6,10022.25,9973.05,10002.35,0
2017-10-10 09:15:00,10015.85,10035.8,9992.3,10019.65,0
2017-10-11 09:15:00,10047.6,10077.3,9935.05,9958.0,0
2017-10-12 09:15:00,9973.45,10057.9,9915.1,10046.65,0
2017-10-13 09:15:00,10056.5,10198.55,10048.95,10165.25,0
2017-10-16 09:15:00,10217.15,10239.35,10125.35,10160.9,0
2017-10-17 09:15:00,10154.0,10182.75,10105.3,10133.85,0
2017-10-18 09:15:00,10049.05,10083.1,10009.3,10034.65,0
2017-10-19 18:30:00,10007.95,10015.25,9903.85,9934.75,0
2017-10-23 09:15:00,9966.2,9966.5,9878.9,9929.4,0
2017-10-24 09:15:00,9956.55,10000.25,9907.6,9978.4,0
2017-10-25 09:15:00,10220.25,10274.9,10002.4,10144.9,0
2017-10-26 09:15:00,10085.35,10168.75,10046.65,10156.6,0
2017-10-27 09:15:00,10160.95,10207.6,10139.45,10178.85,0
2017-10-30 09:15:00,10198.45,10257.1,10176.5,10222.4,0
2017-10-31 09:15:00,10238.7,10271.95,10210.1,10235.7,0
2017-11-01 09:15:00,10289.6,10453.9,10277.35,10437.6,0
2017-11-02 09:15:00,10431.75,10494.1,10429.55,10464.75,0
2017-11-03 09:15:00,10506.5,10561.9,10446.0,10530.85,0
2017-11-06 09:15:00,10497.75,10570.7,10486.35,10530.2,0
2017-11-07 09:15:00,10551.4,10572.4,10407.75,10418.75,0
2017-11-08 09:15:00,10427.3,10464.8,10339.85,10358.45,0
2017-11-09 09:15:00,10398.95,10410.35,10300.1,10361.8,0
2017-11-10 09:15:00,10343.4,10434.85,10331.7,10407.05,0
2017-11-13 09:15:00,10413.75,10433.2,10303.65,10312.3,0
2017-11-14 09:15:00,10298.85,10340.4,10271.85,10292.45,0
2017-11-15 09:15:00,10276.45,10306.0,10238.15,10251.5,0
2017-11-16 09:15:00,10285.7,10369.85,10271.45,10345.4,0
2017-11-17 09:15:00,10507.25,10565.25,10479.25,10498.65,0
2017-11-20 09:15:00,10489.55,10503.25,10451.8,10478.2,0
2017-11-21 09:15:00,10498.25,10520.9,10475.2,10491.7,0
2017-11-22 09:15:00,10500.35,10539.7,10487.1,10518.4,0
2017-11-23 09:15:00,10534.3,10537.75,10452.0,10485.0,0
2017-11-24 09:15:00,10501.1,10518.55,10481.1,10505.85,0
2017-11-27 09:15:00,10476.8,10559.35,10470.2,10544.2,0
2017-11-28 09:15:00,10523.55,10587.55,10523.4,10544.7,0
2017-11-29 09:15:00,10541.9,10551.85,10494.85,10515.55,0
2017-11-30 09:15:00,10482.65,10485.5,10303.95,10324.85,0
2017-12-01 09:15:00,10364.4,10366.45,10237.75,10256.15,0
2017-12-04 09:15:00,10298.45,10303.65,10211.85,10241.55,0
2017-12-05 09:15:00,10223.95,10285.65,10173.55,10251.25,0
2017-12-06 09:15:00,10224.1,10225.65,10104.55,10119.25,0
2017-12-07 09:15:00,10144.9,10213.75,10120.75,10198.15,0
2017-12-08 09:15:00,10237.65,10338.15,10237.65,10328.0,0
2017-12-11 09:15:00,10377.8,10406.2,10346.75,10394.7,0
2017-12-12 09:15:00,10392.2,10396.45,10293.95,10298.65,0
2017-12-13 09:15:00,10294.05,10360.65,10219.2,10248.7,0
2017-12-14 09:15:00,10276.25,10330.15,10193.55,10310.55,0
2017-12-15 09:15:00,10424.65,10472.7,10403.1,10418.0,0
2017-12-18 09:15:00,10316.3,10539.0,10107.9,10477.75,0
2017-12-19 09:15:00,10499.55,10538.35,10483.7,10522.25,0
2017-12-20 09:15:00,10556.8,10557.35,10466.5,10475.95,0
2017-12-21 09:15:00,10507.4,10507.4,10452.7,10471.65,0
2017-12-22 09:15:00,10499.35,10530.5,10476.55,10523.3,0
2017-12-26 09:15:00,10534.95,10544.4,10472.9,10526.85,0
2017-12-27 09:15:00,10514.2,10535.45,10433.45,10455.7,0
2017-12-28 09:15:00,10456.4,10477.3,10404.85,10437.55,0
2017-12-29 09:15:00,10435.6,10483.95,10426.7,10475.15,0
2018-01-01 09:15:00,10479.65,10482.3,10360.05,10373.7,0
2018-01-02 09:15:00,10406.95,10426.55,10350.75,10398.4,0
2018-01-03 09:15:00,10429.0,10443.75,10376.5,10386.35,0
2018-01-04 09:15:00,10412.35,10440.75,10381.25,10428.95,0
2018-01-05 09:15:00,10466.15,10490.85,10420.65,10473.25,0
2018-01-08 09:15:00,10500.6,10551.0,10500.55,10520.0,0
2018-01-09 09:15:00,10539.55,10566.45,10476.35,10499.5,0
2018-01-10 09:15:00,10496.35,10503.4,10448.7,10464.55,0
2018-01-11 09:15:00,10468.25,10497.45,10434.95,10486.25,0
2018-01-12 09:15:00,10507.75,10547.6,10451.95,10531.55,0
2018-01-15 09:15:00,10598.4,10804.8,10584.95,10785.6,0
2018-01-16 09:15:00,10806.95,10808.55,10721.85,10736.55,0
2018-01-17 09:15:00,10720.9,10855.2,10719.95,10837.85,0
2018-01-18 09:15:00,10991.95,11060.75,10910.85,10951.85,0
2018-01-19 09:15:00,10970.0,11088.4,10903.6,11073.25,0
2018-01-22 09:15:00,11089.55,11132.6,11044.4,11093.15,0
2018-01-23 09:15:00,11101.7,11207.65,11097.6,11195.05,0
2018-01-24 09:15:00,11175.35,11257.0,11153.35,11212.25,0
2018-01-25 09:15:00,11219.45,11267.4,11115.55,11232.65,0
2018-01-29 09:15:00,11244.6,11368.5,11229.4,11331.25,0
2018-01-30 09:15:00,11327.8,11328.5,11191.8,11208.15,0
2018-01-31 09:15:00,11151.2,11273.0,11145.1,11262.15,0
2018-02-01 09:15:00,11252.25,11337.75,11127.35,11231.75,0
2018-02-02 09:15:00,11143.75,11145.55,10863.05,10886.9,0
2018-02-05 09:15:00,10697.85,10741.5,10643.5,10685.15,0
2018-02-06 09:15:00,10302.45,10698.6,10267.75,10572.5,0
2018-02-07 09:15:00,10659.25,10670.9,10492.15,10539.95,0
2018-02-08 09:15:00,10569.15,10735.05,10542.15,10656.9,0
2018-02-09 09:15:00,10469.0,10513.2,10432.75,10467.05,0
2018-02-12 09:15:00,10493.95,10578.75,10462.45,10562.0,0
2018-02-14 09:15:00,10620.0,10620.35,10450.35,10498.1,0
2018-02-15 09:15:00,10527.4,10637.6,10504.2,10560.4,0
2018-02-16 09:15:00,10593.75,10623.8,10436.4,10464.9,0
2018-02-19 09:15:00,10539.1,10540.5,10354.7,10437.7,0
2018-02-20 09:15:00,10481.8,10498.9,10360.6,10381.1,0
2018-02-21 09:15:00,10432.65,10433.2,10364.0,10405.55,0
2018-02-22 09:15:00,10361.85,10407.65,10335.8,10396.85,0
2018-02-23 09:15:00,10416.9,10529.75,10396.9,10519.0,0
2018-02-26 09:15:00,10572.5,10686.45,10552.1,10678.65,0
2018-02-27 09:15:00,10687.85,10696.1,10552.15,10561.65,0
2018-02-28 09:15:00,10481.45,10490.4,10422.0,10439.1,0
2018-03-01 09:15:00,10416.4,10482.35,10359.55,10372.6,0
2018-03-05 09:15:00,10354.4,10354.65,10281.45,10337.55,0
2018-03-06 09:15:00,10396.55,10424.2,10148.95,10200.65,0
2018-03-07 09:15:00,10161.2,10162.9,10035.4,10054.55,0
2018-03-08 09:15:00,10113.9,10230.8,10066.15,10209.1,0
2018-03-09 09:15:00,10235.7,10279.4,10183.1,10194.2,0
2018-03-12 09:15:00,10262.1,10368.35,10245.85,10346.8,0
2018-03-13 09:15:00,10328.2,10475.2,10322.1,10384.75,0
2018-03-14 09:15:00,10338.45,10400.6,10264.25,10387.8,0
2018-03-15 09:15:00,10391.75,10432.3,10356.5,10373.4,0
2018-03-16 09:15:00,10355.7,10363.1,10189.3,10211.25,0
2018-03-19 09:15:00,10232.15,10252.15,10092.85,10112.8,0
2018-03-20 09:15:00,10073.85,10173.9,10072.9,10132.95,0
2018-03-21 09:15:00,10211.4,10269.8,10178.1,10199.55,0
2018-03-22 09:15:00,10197.1,10232.65,10125.4,10140.8,0
2018-03-23 09:15:00,9997.05,10014.35,9934.5,9972.75,0
2018-03-26 09:15:00,9964.5,10222.9,9960.1,10207.1,0
2018-03-27 09:15:00,10259.4,10304.15,10215.75,10269.5,0
2018-03-28 09:15:00,10232.85,10241.2,10188.0,10207.6,0
2018-04-02 09:15:00,10199.75,10273.45,10157.95,10261.35,0
2018-04-03 09:15:00,10248.15,10326.55,10227.65,10311.45,0
2018-04-04 09:15:00,10317.65,10346.5,10143.35,10169.25,0
2018-04-05 09:15:00,10268.25,10432.65,10265.6,10414.55,0
2018-04-06 09:15:00,10424.3,10482.9,10388.1,10468.15,0
2018-04-09 09:15:00,10459.25,10560.15,10445.8,10530.8,0
2018-04-10 09:15:00,10554.2,10575.85,10517.0,10541.05,0
2018-04-11 09:15:00,10542.75,10545.95,10444.65,10502.95,0
2018-04-12 09:15:00,10493.0,10568.35,10454.35,10555.9,0
2018-04-13 09:15:00,10577.6,10631.2,10525.85,10569.95,0
2018-04-16 09:15:00,10522.7,10668.95,10517.85,10658.65,0
2018-04-17 09:15:00,10689.5,10707.0,10626.65,10684.2,0
2018-04-18 09:15:00,10722.5,10722.6,10583.5,10605.0,0
2018-04-19 09:15:00,10640.15,10640.4,10557.9,10579.7,0
2018-04-20 09:15:00,10583.45,10585.1,10471.4,10501.4,0
2018-04-23 09:15:00,10558.05,10558.05,10349.0,10479.55,0
2018-04-24 09:15:00,10496.0,10568.7,10492.9,10547.3,0
2018-04-25 09:15:00,10533.85,10533.85,10441.85,10466.6,0
2018-04-26 09:15:00,10483.2,10493.55,10439.0,10480.9,0
2018-04-27 09:15:00,10475.7,10626.4,10475.7,10614.9,0
2018-04-30 09:15:00,10658.65,10714.8,10640.55,10675.75,0
2018-05-02 09:15:00,10721.85,10776.4,10673.75,10726.25,0
2018-05-03 09:15:00,10714.3,10770.9,10702.35,10743.9,0
2018-05-04 09:15:00,10760.65,10760.65,10706.3,10735.8,0
2018-05-07 09:15:00,10753.45,10829.4,10744.7,10813.6,0
2018-05-08 09:15:00,10880.95,10885.45,10826.8,10864.55,0
2018-05-09 09:15:00,10814.25,10881.05,10795.85,10866.8,0
2018-05-10 09:15:00,10909.05,10926.25,10843.3,10859.2,0
2018-05-11 09:15:00,10881.45,10996.85,10863.85,10988.3,0
2018-05-14 09:15:00,10990.8,11039.85,10965.65,11007.6,0
2018-05-15 09:15:00,11019.0,11168.2,10984.95,11016.65,0
2018-05-16 09:15:00,10945.2,10993.2,10884.45,10903.2,0
2018-05-17 09:15:00,10930.3,10934.6,10828.6,10875.75,0
2018-05-18 09:15:00,10853.55,10868.2,10769.95,10783.2,0
2018-05-21 09:15:00,10831.05,10838.1,10669.65,10693.65,0
2018-05-22 09:15:00,10704.8,10789.7,10689.9,10721.55,0
2018-05-23 09:15:00,10703.0,10744.15,10637.15,10653.7,0
2018-05-24 09:15:00,10686.85,10809.8,10657.4,10781.75,0
2018-05-25 09:15:00,10803.45,10902.45,10795.75,10885.8,0
2018-05-28 09:15:00,10898.5,11045.9,10892.65,11014.55,0
2018-05-29 09:15:00,11003.05,11004.7,10875.6,10895.75,0
2018-05-30 09:15:00,10817.15,10941.15,10789.35,10899.45,0
2018-05-31 09:15:00,11014.35,11191.25,10931.05,11131.7,0
2018-06-01 09:15:00,11119.8,11166.75,11037.1,11058.05,0
2018-06-04 09:15:00,11178.65,11187.7,10862.5,10881.05,0
2018-06-05 09:15:00,10882.3,10908.95,10795.7,10889.3,0
2018-06-06 09:15:00,10896.7,10979.5,10870.5,10965.1,0
2018-06-07 09:15:00,11031.7,11125.35,11028.6,11057.4,0
2018-06-08 09:15:00,11020.25,11025.4,10937.95,11003.35,0
2018-06-11 09:15:00,11007.7,11081.6,10994.3,11014.4,0
2018-06-12 09:15:00,11055.2,11089.45,11009.65,11075.35,0
2018-06-13 09:15:00,11111.55,11115.75,11034.35,11053.0,0
2018-06-14 09:15:00,11050.25,11050.25,10995.05,11010.85,0
2018-06-15 09:15:00,11011.15,11045.75,10944.45,10976.4,0
2018-06-18 09:15:00,10982.7,10994.7,10947.0,10962.8,0
2018-06-19 09:15:00,10974.4,10974.4,10913.05,10929.15,0
2018-06-20 09:15:00,10953.05,11049.8,10951.85,11040.35,0
2018-06-21 09:15:00,11081.2,11113.1,11028.25,11044.0,0
2018-06-22 09:15:00,11049.4,11231.65,11022.1,11213.85,0
2018-06-25 09:15:00,11201.85,11219.0,11131.0,11140.1,0
2018-06-26 09:15:00,11103.35,11182.75,11096.85,11141.45,0
2018-06-27 09:15:00,11154.7,11167.05,11017.0,11045.75,0
2018-06-28 09:15:00,11032.6,11052.15,10888.8,10949.0,0
2018-06-29 09:15:00,10960.55,11031.0,10953.7,11007.05,0
2018-07-02 09:15:00,11019.75,11022.05,10868.3,10932.7,0
2018-07-03 09:15:00,10931.35,10952.35,10886.95,10909.7,0
2018-07-04 09:15:00,10922.9,11034.35,10892.25,11019.15,0
2018-07-05 09:15:00,11035.95,11080.65,11003.35,11043.2,0
2018-07-06 09:15:00,11015.9,11084.95,11008.05,11024.0,0
2018-07-09 09:15:00,11071.65,11104.85,11040.2,11090.65,0
2018-07-10 09:15:00,11129.65,11199.45,11110.85,11191.3,0
2018-07-11 09:15:00,11193.6,11229.9,11138.9,11153.25,0
2018-07-12 09:15:00,11203.2,11301.85,11194.7,11262.65,0
2018-07-13 09:15:00,11279.75,11303.95,11230.75,11259.45,0
2018-07-16 09:15:00,11254.75,11264.4,11169.0,11184.5,0
2018-07-17 09:15:00,11173.4,11301.75,11171.1,11285.3,0
2018-07-18 09:15:00,11334.2,11385.85,11258.8,11279.35,0
2018-07-19 09:15:00,11300.95,11300.95,11186.3,11208.7,0
2018-07-20 09:15:00,11191.1,11290.3,11167.3,11270.55,0
2018-07-23 09:51:00,11205.75,11324.6,11197.3,11312.7,0
2018-07-24 09:15:00,11299.8,11367.0,11279.95,11332.85,0
2018-07-25 09:15:00,11351.55,11418.5,11345.95,11398.2,0
2018-07-26 09:15:00,11404.7,11620.4,11402.75,11588.45,0
2018-07-27 09:15:00,11627.55,11699.45,11624.85,11691.0,0
2018-07-30 09:15:00,11728.85,11760.5,11650.95,11738.85,0
2018-07-31 09:15:00,11708.65,11711.3,11605.45,11662.9,0
2018-08-01 09:15:00,11642.35,11683.55,11545.3,11590.25,0
2018-08-02 09:15:00,11546.05,11552.55,11448.15,11459.3,0
2018-08-03 09:15:00,11521.5,11649.4,11514.6,11636.0,0
2018-08-06 09:15:00,11684.55,11734.75,11670.75,11699.05,0
2018-08-07 09:15:00,11726.7,11729.3,11669.6,11702.4,0
2018-08-08 09:15:00,11717.35,11783.35,11671.3,11770.25,0
2018-08-09 09:15:00,11810.5,11855.2,11781.2,11838.1,0
2018-08-10 09:15:00,11849.15,11853.4,11740.75,11768.75,0
2018-08-13 09:15:00,11646.05,11659.9,11583.25,11602.7,0
2018-08-14 09:15:00,11637.0,11700.45,11635.45,11669.85,0
2018-08-16 09:15:00,11606.7,11644.6,11522.0,11536.45,0
2018-08-17 09:15:00,11593.8,11649.0,11582.6,11621.65,0
2018-08-20 09:15:00,11649.95,11724.65,11649.95,11708.85,0
2018-08-21 09:15:00,11709.15,11718.25,11662.05,11706.25,0
2018-08-23 09:15:00,11772.0,11775.7,11614.95,11625.45,0
2018-08-24 09:15:00,11600.9,11669.3,11575.9,11592.15,0
2018-08-27 09:15:00,11647.25,11758.05,11636.2,11741.2,0
2018-08-28 09:15:00,11779.55,11806.35,11729.65,11796.95,0
2018-08-29 09:15:00,11787.15,11845.3,11780.15,11807.45,0
2018-08-30 09:15:00,11803.85,11805.0,11703.8,11743.35,0
2018-08-31 09:15:00,11747.0,11784.15,11671.1,11719.05,0
2018-09-03 09:15:00,11785.05,11785.6,11616.95,11631.3,0
2018-09-04 09:15:00,11631.7,11651.45,11501.1,11521.6,0
2018-09-05 09:15:00,11508.5,11553.55,11365.75,11459.65,0
2018-09-06 09:15:00,11494.45,11531.4,11398.25,11501.8,0
2018-09-07 09:15:00,11509.7,11523.0,11426.1,11502.1,0
2018-09-10 09:15:00,11466.3,11471.35,11321.3,11340.3,0
2018-09-11 09:15:00,11374.9,11376.9,11174.25,11186.3,0
2018-09-12 09:15:00,11228.0,11235.7,11089.9,11208.45,0
2018-09-14 09:15:00,11300.95,11427.95,11290.5,11414.7,0
2018-09-17 09:15:00,11349.65,11349.65,11207.65,11223.5,0
2018-09-18 09:15:00,11214.35,11249.9,11050.45,11065.85,0
2018-09-19 09:15:00,11103.8,11112.15,10957.2,10973.05,0
2018-09-21 09:15:00,11043.05,11187.75,10451.4,10858.45,0
2018-09-24 09:15:00,10882.25,10883.05,10448.55,10485.15,0
2018-09-25 09:15:00,10476.3,10708.05,10355.7,10684.3,0
2018-09-26 09:15:00,10760.1,10782.2,10650.4,10703.6,0
2018-09-27 09:15:00,10717.65,10721.8,10510.3,10524.95,0
2018-09-28 09:15:00,10573.8,10676.3,10486.7,10577.1,0
2018-10-01 09:15:00,10550.75,10730.9,10448.45,10706.55,0
2018-10-03 09:15:00,10676.1,10740.35,10566.2,10589.4,0
2018-10-04 09:15:00,10454.25,10517.8,10350.15,10481.65,0
2018-10-05 09:15:00,10442.75,10510.15,10129.4,10216.9,0
2018-10-08 09:15:00,10192.75,10265.05,10029.2,10175.95,0
2018-10-09 09:15:00,10211.8,10323.3,10160.45,10212.45,0
2018-10-10 09:15:00,10247.8,10603.1,10242.1,10563.6,0
2018-10-11 09:15:00,10203.85,10358.9,10192.2,10266.9,0
2018-10-12 09:15:00,10369.25,10567.75,10352.8,10537.55,0
2018-10-15 09:15:00,10584.4,10609.05,10443.1,10545.05,0
2018-10-16 09:15:00,10557.0,10680.95,10518.35,10628.25,0
2018-10-17 09:15:00,10729.6,10754.4,10388.15,10416.6,0
2018-10-19 09:15:00,10337.4,10468.7,10228.65,10284.25,0
2018-10-22 09:15:00,10447.05,10477.9,10313.9,10336.05,0
2018-10-23 09:15:00,10226.05,10388.25,10225.35,10321.7,0
2018-10-24 09:15:00,10476.3,10495.15,10336.95,10464.85,0
2018-10-25 09:15:00,10373.55,10418.25,10295.3,10341.7,0
2018-10-26 09:15:00,10346.9,10373.7,10233.95,10260.1,0
2018-10-29 09:15:00,10337.5,10501.85,10239.15,10472.45,0
2018-10-30 09:15:00,10467.75,10541.65,10351.7,10398.65,0
2018-10-31 09:15:00,10414.5,10652.8,10336.8,10639.95,0
2018-11-01 09:15:00,10703.2,10747.05,10621.95,10684.85,0
2018-11-02 09:15:00,10777.85,10938.25,10755.3,10864.95,0
2018-11-05 09:15:00,10860.5,10865.0,10769.95,10840.45,0
2018-11-06 09:15:00,10853.0,10903.4,10776.85,10800.25,0
2018-11-07 17:30:00,10880.25,10885.65,10841.95,10860.8,0
2018-11-09 09:15:00,10874.75,10897.3,10773.95,10874.6,0
2018-11-12 09:15:00,10887.25,10943.65,10736.25,10757.0,0
2018-11-13 09:15:00,10712.0,10879.9,10694.25,10867.6,0
2018-11-14 09:15:00,10943.0,10978.95,10888.15,10934.95,0
2018-11-15 09:15:00,10946.85,11071.35,10880.35,11055.2,0
2018-11-16 09:15:00,11089.3,11170.3,11069.75,11140.05,0
2018-11-19 09:15:00,11183.15,11184.7,11095.6,11128.6,0
2018-11-20 09:15:00,11098.5,11111.0,11019.25,11043.15,0
2018-11-21 09:15:00,11038.9,11122.95,11011.05,11087.8,0
2018-11-22 09:15:00,11084.15,11126.55,10972.85,10994.2,0
2018-11-26 09:15:00,11048.65,11132.6,11005.6,11124.35,0
2018-11-27 09:15:00,11094.5,11190.9,11088.4,11173.3,0
2018-11-28 09:15:00,11200.55,11247.15,11187.8,11222.85,0
2018-11-29 09:15:00,11305.25,11452.3,11290.4,11428.3,0
2018-11-30 09:15:00,11474.3,11474.3,11376.4,11438.8,0
2018-12-03 00:00:00,11503.85,11517.3,11388.9,11428.85,0
2018-12-04 00:00:00,11414.55,11422.2,11310.05,11351.3,0
2018-12-05 00:00:00,11302.05,11340.0,11272.7,11316.75,0
2018-12-06 00:00:00,11237.75,11247.15,11146.8,11158.85,0
2018-12-07 00:00:00,11195.85,11341.05,11186.6,11316.45,0
2018-12-10 00:00:00,11093.45,11179.9,11051.0,11060.95,0
2018-12-11 00:00:00,10875.65,11103.55,10837.6,11081.65,0
2018-12-12 00:00:00,11126.5,11297.3,11095.45,11279.75,0
2018-12-13 00:00:00,11349.45,11421.05,11323.6,11368.1,0
2018-12-14 00:00:00,11373.4,11399.35,11296.0,11327.6,0
2018-12-17 00:00:00,11364.75,11452.8,11362.75,11441.9,0
2018-12-18 00:00:00,11402.25,11509.05,11360.95,11496.45,0
2018-12-19 00:00:00,11522.15,11631.55,11520.25,11616.3,0
2018-12-20 00:00:00,11537.3,11616.45,11508.6,11599.75,0
2018-12-21 00:00:00,11601.55,11632.35,11397.85,11439.05,0
2018-12-24 00:00:00,11449.8,11454.7,11319.15,11334.45,0
2018-12-26 00:00:00,11298.95,11495.2,11204.55,11475.6,0
2018-12-27 00:00:00,11563.7,11583.3,11446.75,11459.0,0
2018-12-28 00:00:00,11523.35,11615.6,11515.55,11586.25,0
2018-12-31 00:00:00,11646.9,11655.7,11568.15,11585.9,0
2019-01-01 00:00:00,11608.55,11718.0,11526.75,11702.05,0
2019-01-02 00:00:00,11660.4,11697.85,11535.95,11586.2,0
2019-01-03 00:00:00,11590.9,11602.15,11447.85,11458.95,0
2019-01-04 00:00:00,11486.1,11591.7,11457.7,11572.45,0
2019-01-07 00:00:00,11635.65,11663.55,11575.9,11591.6,0
2019-01-08 00:00:00,11600.15,11646.0,11527.9,11635.45,0
2019-01-09 00:00:00,11684.95,11752.15,11616.0,11740.75,0
2019-01-10 00:00:00,11736.2,11741.55,11660.15,11675.5,0
2019-01-11 00:00:00,11694.1,11734.05,11629.9,11690.85,0
2019-01-14 00:00:00,11662.25,11662.5,11552.0,11589.9,0
2019-01-15 00:00:00,11620.7,11684.25,11609.4,11675.3,0
2019-01-16 00:00:00,11670.75,11719.5,11638.55,11653.35,0
2019-01-17 00:00:00,11691.9,11733.45,11620.5,11703.55,0
2019-01-18 00:00:00,11715.8,11724.15,11649.55,11678.25,0
2019-01-21 00:00:00,11689.15,11744.9,11632.5,11717.35,0
2019-01-22 00:00:00,11704.8,11706.95,11630.8,11670.1,0
2019-01-23 00:00:00,11672.2,11687.7,11529.5,11556.6,0
2019-01-24 00:00:00,11567.25,11579.05,11504.1,11545.15,0
2019-01-25 00:00:00,11531.2,11607.75,11457.25,11483.6,0
2019-01-28 00:00:00,11460.55,11482.3,11223.05,11266.5,0
2019-01-29 00:00:00,11249.75,11289.55,11148.5,11224.8,0
2019-01-30 00:00:00,11307.05,11323.9,11215.15,11275.2,0
2019-01-31 00:00:00,11315.0,11465.35,11273.85,11456.4,0
2019-02-01 00:00:00,11476.95,11614.65,11396.05,11460.9,0
2019-02-04 00:00:00,11420.15,11518.85,11357.05,11492.65,0
2019-02-05 00:00:00,11506.65,11533.85,11453.35,11519.55,0
2019-02-06 00:00:00,11542.0,11620.9,11536.75,11610.15,0
2019-02-07 00:00:00,11622.15,11685.15,11576.15,11606.5,0
2019-02-08 00:00:00,11563.6,11632.3,11513.75,11540.25,0
2019-02-11 00:00:00,11524.95,11531.75,11467.75,11488.75,0
2019-02-12 00:00:00,11474.2,11516.55,11358.6,11368.8,0
2019-02-13 00:00:00,11392.0,11444.1,11348.0,11369.3,0
2019-02-14 00:00:00,11363.85,11365.25,11267.85,11304.75,0
2019-02-15 00:00:00,11315.05,11320.65,11138.1,11213.9,0
2019-02-18 00:00:00,11223.7,11254.45,11134.6,11148.25,0
2019-02-19 00:00:00,11144.55,11285.45,11136.4,11158.1,0
2019-02-20 00:00:00,11207.95,11299.35,11187.75,11287.7,0
2019-02-21 00:00:00,11299.65,11401.65,11291.25,11386.8,0
2019-02-22 00:00:00,11362.15,11372.7,11309.5,11319.75,0
2019-02-25 00:00:00,11353.9,11416.9,11330.45,11406.7,0
2019-02-26 00:00:00,11278.8,11362.0,11231.95,11294.85,0
2019-02-27 00:00:00,11352.1,11398.05,11188.2,11234.1,0
2019-02-28 00:00:00,11271.05,11285.1,11215.5,11227.4,0
2019-03-01 00:00:00,11284.85,11330.15,11266.3,11308.15,0
2019-03-05 00:00:00,11313.5,11507.2,11259.25,11500.55,0
2019-03-06 00:00:00,11541.55,11595.0,11509.3,11581.2,0
2019-03-07 00:00:00,11603.2,11634.8,11533.2,11613.8,0
2019-03-08 00:00:00,11582.85,11626.85,11563.35,11619.6,0
2019-03-11 00:00:00,11649.35,11737.2,11637.25,11721.05,0
2019-03-12 00:00:00,11807.0,11909.65,11793.6,11895.45,0
2019-03-13 00:00:00,11915.55,12054.0,11855.75,12034.15,0
2019-03-14 00:00:00,12102.25,12116.75,11992.65,12027.3,0
2019-03-15 00:00:00,12057.85,12272.05,12052.85,12206.4,0
2019-03-18 00:00:00,12265.15,12372.3,12196.8,12269.95,0
2019-03-19 00:00:00,12312.6,12331.8,12259.25,12314.85,0
2019-03-20 00:00:00,12324.7,12384.8,12279.2,12351.05,0
2019-03-22 00:00:00,12386.45,12423.05,12239.9,12261.6,0
2019-03-25 00:00:00,12175.8,12175.8,12086.9,12136.1,0
2019-03-26 00:00:00,12155.9,12344.8,12142.05,12323.45,0
2019-03-27 00:00:00,12377.7,12419.65,12228.6,12302.85,0
2019-03-28 00:00:00,12308.15,12489.9,12293.15,12474.35,0
2019-03-29 00:00:00,12510.35,12552.75,12418.45,12544.15,0
2019-04-01 00:00:00,12575.1,12603.3,12453.8,12499.65,0
2019-04-02 00:00:00,12547.2,12575.7,12456.5,12538.6,0
2019-04-03 00:00:00,12569.6,12652.0,12486.9,12506.8,0
2019-04-04 00:00:00,12528.55,12614.9,12458.0,12499.7,0
2019-04-05 00:00:00,12532.0,12628.8,12513.1,12594.95,0
2019-04-08 00:00:00,12635.35,12642.9,12439.05,12504.05,0
2019-04-09 00:00:00,12522.95,12587.55,12418.2,12568.1,0
2019-04-10 00:00:00,12496.95,12569.6,12410.1,12426.65,0
2019-04-11 00:00:00,12442.25,12467.1,12399.85,12450.0,0
2019-04-12 00:00:00,12450.4,12519.45,12419.6,12495.6,0
2019-04-15 00:00:00,12526.45,12556.15,12492.9,12535.3,0
2019-04-16 00:00:00,12584.05,12688.7,12580.25,12663.3,0
2019-04-18 00:00:00,12723.85,12726.55,12542.2,12567.3,0
2019-04-22 00:00:00,12591.8,12598.45,12339.05,12347.05,0
2019-04-23 00:00:00,12376.75,12425.55,12286.3,12295.45,0
2019-04-24 00:00:00,12321.9,12485.4,12292.45,12466.85,0
2019-04-25 00:00:00,12491.8,12536.8,12322.15,12344.7,0
2019-04-26 00:00:00,12408.25,12519.6,12328.05,12506.1,0
2019-04-30 00:00:00,12513.55,12572.15,12446.3,12555.45,0
2019-05-02 00:00:00,12542.2,12637.05,12517.8,12583.8,0
2019-05-03 00:00:00,12604.95,12712.4,12602.85,12637.0,0
2019-05-06 00:00:00,12499.55,12539.55,12444.55,12477.4,0
2019-05-07 00:00:00,12525.85,12568.75,12345.35,12363.65,0
2019-05-08 00:00:00,12345.2,12345.2,12201.15,12216.15,0
2019-05-09 00:00:00,12176.55,12242.2,12121.45,12174.25,0
2019-05-10 00:00:00,12185.55,12324.9,12181.5,12248.0,0
2019-05-13 00:00:00,12242.8,12307.1,12155.45,12179.95,0
2019-05-14 00:00:00,12204.15,12335.6,12125.8,12225.9,0
2019-05-15 00:00:00,12282.4,12315.5,12186.7,12209.3,0
2019-05-16 00:00:00,12223.45,12362.25,12174.5,12325.55,0
2019-05-17 00:00:00,12334.1,12676.45,12324.65,12640.8,0
2019-05-20 00:00:00,12953.2,13263.1,12919.15,13222.45,0
2019-05-21 00:00:00,13271.55,13348.45,13056.15,13084.75,0
2019-05-22 00:00:00,13132.3,13224.7,13079.15,13156.0,0
2019-05-23 00:00:00,13332.6,13581.7,12980.7,13028.35,0
2019-05-24 00:00:00,13128.25,13330.25,13062.85,13304.35,0
2019-05-27 00:00:00,13323.1,13520.75,13293.95,13498.2,0
2019-05-28 00:00:00,13523.15,13523.15,13336.15,13447.2,0
2019-05-29 00:00:00,13404.9,13448.15,13334.55,13361.55,0
2019-05-30 00:00:00,13349.85,13528.5,13335.05,13515.95,0
2019-05-31 00:00:00,13567.3,13623.6,13200.6,13479.8,0
2019-06-03 00:00:00,13514.7,13650.15,13486.6,13636.1,0
2019-06-04 00:00:00,13586.3,13664.75,13575.65,13610.2,0
2019-06-06 00:00:00,13598.5,13610.1,13324.95,13345.7,0
2019-06-07 00:00:00,13383.15,13496.65,13269.8,13466.85,0
2019-06-10 00:00:00,13540.5,13571.35,13381.8,13447.8,0
2019-06-11 00:00:00,13492.3,13538.2,13387.75,13488.7,0
2019-06-12 00:00:00,13471.15,13471.2,13327.4,13362.55,0
2019-06-13 00:00:00,13358.65,13503.95,13312.1,13482.05,0
2019-06-14 00:00:00,13493.35,13518.7,13329.25,13369.1,0
2019-06-17 00:00:00,13381.8,13381.85,13202.0,13215.55,0
2019-06-18 00:00:00,13228.4,13295.85,13166.15,13229.85,0
2019-06-19 00:00:00,13297.5,13385.4,13202.6,13274.6,0
2019-06-20 00:00:00,13280.05,13449.5,13224.2,13437.95,0
2019-06-21 00:00:00,13442.95,13444.9,13295.4,13323.3,0
2019-06-24 00:00:00,13316.85,13377.95,13264.35,13308.8,0
2019-06-25 00:00:00,13298.15,13441.45,13250.05,13419.65,0
2019-06-26 00:00:00,13393.55,13558.1,13377.25,13531.75,0
2019-06-27 00:00:00,13541.65,13660.8,13533.15,13595.25,0
2019-06-28 00:00:00,13599.0,13639.0,13528.0,13556.4,0
2019-07-01 00:00:00,13616.3,13717.45,13604.25,13695.7,0
2019-07-02 00:00:00,13720.35,13752.0,13615.95,13742.75,0
2019-07-03 00:00:00,13758.2,13800.2,13702.3,13764.1,0
2019-07-04 00:00:00,13792.15,13840.0,13769.05,13804.0,0
2019-07-05 00:00:00,13821.7,13881.35,13750.9,13798.6,0
2019-07-08 00:00:00,13764.35,13768.8,13347.4,13398.45,0
2019-07-09 00:00:00,13357.05,13419.75,13220.4,13368.8,0
2019-07-10 00:00:00,13375.8,13436.1,13293.95,13314.35,0
2019-07-11 00:00:00,13388.8,13434.5,13316.15,13404.95,0
2019-07-12 00:00:00,13443.4,13473.05,13345.25,13365.95,0
2019-07-15 00:00:00,13386.85,13386.85,13285.5,13362.95,0
2019-07-16 00:00:00,13398.25,13451.25,13355.3,13422.95,0
2019-07-17 00:00:00,13425.1,13515.5,13418.85,13485.3,0
2019-07-18 00:00:00,13492.95,13568.65,13479.2,13500.2,0
2019-07-19 00:00:00,13513.2,13533.8,13202.6,13234.4,0
2019-07-22 00:00:00,13158.75,13174.75,12851.8,12897.0,0
2019-07-23 00:00:00,12909.45,12916.4,12771.1,12804.0,0
2019-07-24 00:00:00,12790.9,12890.55,12727.5,12785.65,0
2019-07-25 00:00:00,12808.55,12929.95,12759.2,12805.2,0
2019-07-26 00:00:00,12802.65,12912.25,12762.5,12880.05,0
2019-07-29 00:00:00,12950.65,12957.3,12736.7,12827.25,0
2019-07-30 00:00:00,12872.5,12916.05,12673.3,12714.1,0
2019-07-31 00:00:00,12629.15,12746.45,12583.95,12707.3,0
2019-08-01 00:00:00,12637.5,12673.4,12376.4,12494.1,0
2019-08-02 00:00:00,12420.55,12631.3,12293.25,12500.5,0
2019-08-05 00:00:00,12361.7,12367.1,12219.4,12329.55,0
2019-08-06 00:00:00,12275.8,12592.7,12269.7,12521.35,0
2019-08-07 00:00:00,12529.85,12567.6,12386.2,12411.65,0
2019-08-08 00:00:00,12479.95,12614.75,12359.15,12581.2,0
2019-08-09 00:00:00,12649.0,12852.95,12631.9,12774.85,0
2019-08-13 00:00:00,12729.25,12737.4,12373.75,12394.0,0
2019-08-14 00:00:00,12478.65,12569.1,12411.15,12509.6,0
2019-08-16 00:00:00,12521.2,12579.7,12389.35,12543.7,0
2019-08-19 00:00:00,12605.45,12663.65,12518.15,12532.4,0
2019-08-20 00:00:00,12522.35,12548.15,12391.2,12450.4,0
2019-08-21 00:00:00,12466.4,12509.35,12339.45,12356.45,0
2019-08-22 00:00:00,12341.9,12343.25,12020.6,12049.9,0
2019-08-23 00:00:00,11962.75,12160.15,11831.15,12080.3,0
2019-08-26 00:00:00,12369.6,12584.65,12118.25,12563.65,0
2019-08-27 00:00:00,12623.95,12692.0,12560.65,12646.35,0
2019-08-28 00:00:00,12633.35,12640.65,12504.1,12575.25,0
2019-08-29 00:00:00,12523.35,12523.75,12311.25,12341.1,0
2019-08-30 00:00:00,12383.1,12448.8,12300.0,12418.15,0
2019-09-03 00:00:00,12323.8,12332.7,12100.95,12134.95,0
2019-09-04 00:00:00,12125.7,12326.15,12064.45,12260.35,0
2019-09-05 00:00:00,12249.55,12272.75,12098.0,12122.75,0
2019-09-06 00:00:00,12153.45,12268.6,12129.4,12235.9,0
2019-09-09 00:00:00,12243.15,12379.7,12148.1,12341.9,0
2019-09-11 00:00:00,12389.4,12414.6,12332.9,12382.1,0
2019-09-12 00:00:00,12425.85,12534.4,12401.05,12422.25,0
2019-09-13 00:00:00,12405.6,12523.0,12340.7,12513.0,0
2019-09-16 00:00:00,12436.8,12478.35,12379.5,12397.7,0
2019-09-17 00:00:00,12361.35,12376.6,12073.45,12111.05,0
2019-09-18 00:00:00,12190.95,12231.8,12086.1,12116.2,0
2019-09-19 00:00:00,12120.25,12120.25,11943.1,12001.25,0
2019-09-20 00:00:00,12061.15,12998.95,11989.7,12859.85,0
2019-09-23 00:00:00,13278.05,13657.0,13180.85,13560.25,0
2019-09-24 00:00:00,13515.9,13616.6,13287.3,13398.35,0
2019-09-25 00:00:00,13352.4,13360.85,13082.65,13141.3,0
2019-09-26 00:00:00,13164.05,13527.25,13159.85,13288.25,0
2019-09-27 00:00:00,13286.4,13382.0,13220.2,13282.65,0
2019-09-30 00:00:00,13206.1,13232.35,12962.5,13017.3,0
2019-10-01 00:00:00,13068.6,13184.35,12771.15,12995.5,0
2019-10-03 00:00:00,12943.15,12985.95,12786.7,12847.75,0
2019-10-04 00:00:00,12945.7,12972.25,12565.9,12593.25,0
2019-10-07 00:00:00,12648.5,12773.05,12535.0,12589.15,0
2019-10-09 00:00:00,12652.0,12992.4,12589.95,12970.45,0
2019-10-10 00:00:00,12884.2,12890.45,12672.45,12721.8,0
2019-10-11 00:00:00,12814.6,12956.85,12643.05,12769.35,0
2019-10-14 00:00:00,12842.15,12944.75,12738.35,12791.2,0
2019-10-15 00:00:00,12821.55,12963.75,12806.1,12904.6,0
2019-10-16 00:00:00,12961.05,13018.75,12883.45,12978.4,0
2019-10-17 00:00:00,13012.5,13169.8,12977.85,13144.75,0
2019-10-18 00:00:00,13143.1,13233.5,13100.4,13213.45,0
2019-10-22 00:00:00,13350.3,13477.45,13287.7,13344.45,0
2019-10-23 00:00:00,13399.05,13465.45,13296.3,13398.65,0
2019-10-24 00:00:00,13461.55,13506.4,13287.9,13334.3,0
2019-10-25 00:00:00,13382.1,13401.65,13186.75,13346.8,0
2019-10-27 00:00:00,13429.95,13447.4,13369.25,13395.4,0
2019-10-29 00:00:00,13389.95,13555.25,13351.35,13516.35,0
2019-10-30 00:00:00,13581.5,13619.4,13500.55,13539.8,0
2019-10-31 00:00:00,13617.05,13650.5,13489.0,13516.45,0
2019-11-01 00:00:00,13562.75,13628.6,13512.3,13585.3,0
2019-11-04 00:00:00,13649.45,13705.9,13570.05,13671.1,0
2019-11-05 00:00:00,13730.3,13748.35,13613.65,13669.4,0
2019-11-06 00:00:00,13684.25,13860.7,13571.35,13828.45,0
2019-11-07 00:00:00,13908.6,13936.4,13828.0,13894.9,0
2019-11-08 00:00:00,13880.4,14008.8,13825.6,13868.65,0
2019-11-11 00:00:00,13838.75,13998.6,13822.5,13969.1,0
2019-11-13 00:00:00,13955.45,13996.2,13785.3,13806.4,0
2019-11-14 00:00:00,13852.05,13965.65,13751.25,13947.35,0
2019-11-15 00:00:00,13995.45,14094.55,13969.25,14021.0,0
2019-11-18 00:00:00,14025.35,14075.65,13955.45,14002.7,0
2019-11-19 00:00:00,14007.15,14052.95,13956.65,14008.9,0
2019-11-20 00:00:00,14030.85,14058.35,13965.35,13982.2,0
2019-11-21 00:00:00,13995.45,14052.95,13928.55,14019.2,0
2019-11-22 00:00:00,14024.9,14026.35,13919.8,13952.1,0
2019-11-25 00:00:00,13946.55,14169.4,13940.7,14155.75,0
2019-11-26 00:00:00,14212.9,14252.9,14108.0,14207.45,0
2019-11-27 00:00:00,14248.2,14295.45,14202.8,14266.05,0
2019-11-28 00:00:00,14303.25,14330.1,14239.55,14287.0,0
2019-11-29 00:00:00,14276.1,14284.7,14133.7,14208.85,0
2019-12-02 00:00:00,14236.35,14237.9,14102.25,14163.05,0
2019-12-03 00:00:00,14181.2,14184.15,14070.2,14140.45,0
2019-12-04 00:00:00,14108.2,14265.5,14068.1,14246.55,0
2019-12-05 00:00:00,14265.5,14305.35,14156.9,14194.05,0
2019-12-06 00:00:00,14227.3,14258.05,13984.8,14041.85,0
2019-12-09 00:00:00,14047.0,14133.7,13985.8,14092.4,0
2019-12-10 00:00:00,14128.7,14150.55,14056.6,14071.6,0
2019-12-11 00:00:00,14088.05,14193.45,14053.05,14166.85,0
2019-12-12 00:00:00,14204.45,14302.85,14184.55,14292.9,0
2019-12-13 00:00:00,14344.5,14460.65,14334.3,14410.45,0
2019-12-16 00:00:00,14455.1,14466.6,14386.25,14417.6,0
2019-12-17 00:00:00,14441.0,14572.2,14410.45,14554.5,0
2019-12-18 00:00:00,14602.95,14634.4,14521.0,14618.95,0
2019-12-19 00:00:00,14626.85,14633.6,14552.1,14571.45,0
2019-12-20 00:00:00,14586.35,14634.8,14550.6,14625.8,0
2019-12-23 00:00:00,14635.25,14680.6,14570.9,14648.8,0
2019-12-24 00:00:00,14643.4,14661.8,14584.25,14603.7,0
2019-12-26 00:00:00,14609.45,14619.6,14506.45,14523.7,0
2019-12-27 00:00:00,14578.4,14696.4,14543.95,14679.35,0
2019-12-30 00:00:00,14719.0,14737.45,14599.25,14650.6,0
2019-12-31 00:00:00,14643.35,14643.35,14535.6,14557.4,0
2020-01-01 00:00:00,14590.1,14621.65,14543.4,14574.2,0
2020-01-02 00:00:00,14578.15,14707.6,14572.9,14697.5,0
2020-01-03 00:00:00,14644.6,14656.75,14510.85,14560.7,0
2020-01-06 00:00:00,14472.8,14493.15,14161.85,14202.5,0
2020-01-07 00:00:00,14346.55,14467.5,14226.0,14314.75,0
2020-01-08 00:00:00,14134.85,14321.4,14117.15,14306.65,0
2020-01-09 00:00:00,14461.15,14604.4,14427.25,14590.1,0
2020-01-10 00:00:00,14642.8,14693.7,14544.95,14609.65,0
2020-01-13 00:00:00,14630.9,14701.6,14604.0,14635.05,0
2020-01-14 00:00:00,14644.35,14685.8,14568.65,14667.2,0
2020-01-15 00:00:00,14637.55,14655.7,14528.3,14636.05,0
2020-01-16 00:00:00,14625.05,14697.9,14586.75,14655.35,0
2020-01-17 00:00:00,14582.5,14636.8,14541.3,14561.8,0
2020-01-20 00:00:00,14686.7,14686.7,14346.75,14359.65,0
2020-01-21 00:00:00,14308.25,14385.7,14248.3,14305.7,0
2020-01-22 00:00:00,14358.7,14396.2,14152.85,14178.5,0
2020-01-23 00:00:00,14196.85,14314.7,14145.8,14288.45,0
2020-01-24 00:00:00,14293.4,14450.7,14229.45,14420.4,0
2020-01-27 00:00:00,14355.15,14400.1,14213.05,14234.7,0
2020-01-28 00:00:00,14278.65,14394.35,14227.85,14273.1,0
2020-01-29 00:00:00,14340.85,14409.8,14308.0,14346.8,0
2020-01-30 00:00:00,14382.95,14388.35,14247.95,14289.95,0
2020-01-31 00:00:00,14389.2,14413.55,14270.25,14316.9,0
2020-02-01 00:00:00,14272.3,14378.65,13724.75,13758.85,0
2020-02-03 00:00:00,13719.65,13877.3,13647.6,13822.3,0
2020-02-04 00:00:00,13908.0,14241.6,13902.85,14218.8,0
2020-02-05 00:00:00,14245.4,14420.75,14178.3,14407.8,0
2020-02-06 00:00:00,14427.3,14596.65,14373.25,14545.75,0
2020-02-07 00:00:00,14551.7,14558.5,14466.4,14502.4,0
2020-02-10 00:00:00,14514.75,14520.85,14414.25,14496.75,0
2020-02-11 00:00:00,14564.1,14676.3,14562.5,14589.55,0
2020-02-12 00:00:00,14668.8,14747.7,14632.55,14685.4,0
2020-02-13 00:00:00,14698.1,14713.7,14539.4,14578.85,0
2020-02-14 00:00:00,14596.15,14672.8,14434.0,14477.45,0
2020-02-17 00:00:00,14491.0,14527.5,14350.2,14370.25,0
2020-02-18 00:00:00,14356.3,14367.35,14214.05,14315.7,0
2020-02-19 00:00:00,14456.65,14536.7,14374.1,14520.25,0
2020-02-20 00:00:00,14511.05,14569.95,14438.45,14510.4,0
2020-02-24 00:00:00,14398.3,14405.85,14215.0,14236.15,0
2020-02-25 00:00:00,14282.1,14312.85,14202.8,14236.1,0
2020-02-26 00:00:00,14156.75,14251.95,14072.45,14132.7,0
2020-02-27 00:00:00,14113.25,14113.25,13953.5,14086.05,0
2020-02-28 00:00:00,13778.35,13784.65,13520.35,13566.45,0
2020-03-02 00:00:00,13824.5,13875.85,13374.25,13520.0,0
2020-03-03 00:00:00,13595.55,13722.15,13478.05,13636.95,0
2020-03-04 00:00:00,13685.0,13695.7,13245.45,13439.5,0
2020-03-05 00:00:00,13499.0,13607.7,13394.3,13472.75,0
2020-03-06 00:00:00,13027.9,13174.6,12851.0,13082.5,0
2020-03-09 00:00:00,12765.75,12780.85,12272.1,12522.2,0
2020-03-11 00:00:00,12391.4,12692.7,12383.45,12560.45,0
2020-03-12 00:00:00,12037.5,12054.45,11293.7,11454.8,0
2020-03-13 00:00:00,10830.25,12332.0,10305.05,12101.6,0
2020-03-16 00:00:00,11589.65,11600.75,11069.6,11123.4,0
2020-03-17 00:00:00,11215.75,11248.0,10541.7,10613.6,0
2020-03-18 00:00:00,10709.45,10753.4,9711.4,9800.3,0
2020-03-19 00:00:00,9234.7,10081.6,8866.65,9598.35,0
2020-03-20 00:00:00,9539.95,10113.3,9175.8,9871.95,0
2020-03-23 00:00:00,8898.4,9210.2,8239.15,8298.5,0
2020-03-24 00:00:00,8623.0,8746.7,7984.2,8418.7,0
2020-03-25 00:00:00,8285.25,9247.85,8256.45,9203.3,0
2020-03-26 00:00:00,9366.95,10073.85,9174.25,9698.55,0
2020-03-27 00:00:00,10159.0,10428.6,9594.6,9754.3,0
2020-03-30 00:00:00,9408.0,9528.55,8993.6,9030.65,0
2020-03-31 00:00:00,9327.75,9439.95,9106.2,9317.3,0
2020-04-01 00:00:00,9293.9,9319.95,8889.25,8942.55,0
2020-04-03 00:00:00,8986.6,8989.5,8521.15,8562.1,0
2020-04-07 00:00:00,9072.45,9328.95,8802.0,9278.3,0
2020-04-08 00:00:00,9152.6,9814.3,9084.4,9243.45,0
2020-04-09 00:00:00,9485.0,9836.35,9424.7,9803.0,0
2020-04-13 00:00:00,9814.3,9842.35,9454.7,9500.65,0
2020-04-15 00:00:00,9780.0,9780.1,9136.65,9239.35,0
2020-04-16 00:00:00,9191.15,9466.15,9097.0,9392.6,0
2020-04-17 00:00:00,9821.6,9972.2,9577.25,9905.55,0
2020-04-20 00:00:00,10112.5,10142.0,9898.3,9930.65,0
2020-04-21 00:00:00,9612.45,9643.3,9410.35,9468.8,0
2020-04-22 00:00:00,9429.8,9607.05,9300.3,9569.2,0
2020-04-23 00:00:00,9647.95,9851.5,9526.7,9808.95,0
2020-04-24 00:00:00,9522.6,9619.45,9413.95,9431.85,0
2020-04-27 00:00:00,9569.1,9749.5,9557.8,9627.6,0
2020-04-28 00:00:00,9766.45,9978.4,9696.1,9951.2,0
2020-04-29 00:00:00,9919.4,10392.85,9900.5,10292.9,0
2020-04-30 00:00:00,10504.1,10695.45,10476.0,10570.8,0
2020-05-04 00:00:00,10120.65,10128.2,9627.1,9679.95,0
2020-05-05 00:00:00,9856.0,9912.35,9460.0,9483.15,0
2020-05-06 00:00:00,9524.4,9806.95,9385.85,9727.0,0
2020-05-07 00:00:00,9668.7,9737.85,9557.8,9575.75,0
2020-05-08 00:00:00,9751.85,9775.8,9535.9,9559.35,0
2020-05-11 00:00:00,9684.0,9729.45,9362.65,9386.05,0
2020-05-12 00:00:00,9271.6,9417.25,9052.75,9365.85,0
2020-05-13 00:00:00,9867.85,9909.5,9604.9,9679.6,0
2020-05-14 00:00:00,9499.85,9581.65,9337.2,9355.65,0
2020-05-15 00:00:00,9386.35,9391.3,9195.3,9291.6,0
2020-05-18 00:00:00,9275.4,9275.65,8654.0,8675.4,0
2020-05-19 00:00:00,8920.05,8986.65,8650.15,8715.25,0
2020-05-20 00:00:00,8737.85,9033.85,8716.95,8983.5,0
2020-05-21 00:00:00,9019.35,9142.95,8900.65,8924.35,0
2020-05-22 00:00:00,8846.25,9001.1,8574.5,8651.7,0
2020-05-26 00:00:00,8750.1,8869.8,8634.1,8673.65,0
2020-05-27 00:00:00,8743.0,9235.05,8687.1,9181.5,0
2020-05-28 00:00:00,9274.25,9521.7,9246.35,9426.65,0
2020-05-29 00:00:00,9357.05,9552.9,9250.15,9527.05,0
2020-06-01 00:00:00,9739.85,10010.35,9704.7,9873.5,0
2020-06-02 00:00:00,9934.85,10215.8,9859.95,10187.95,0
2020-06-03 00:00:00,10378.4,10614.65,10337.5,10384.5,0
2020-06-04 00:00:00,10381.95,10467.5,10077.7,10110.85,0
2020-06-05 00:00:00,10171.25,10402.4,10094.2,10334.85,0
2020-06-08 00:00:00,10580.95,10636.65,10255.1,10360.2,0
2020-06-09 00:00:00,10404.75,10528.45,10126.4,10163.35,0
2020-06-10 00:00:00,10190.55,10343.85,10138.45,10280.45,0
2020-06-11 00:00:00,10247.15,10304.15,10010.75,10035.7,0
2020-06-12 00:00:00,9586.2,10157.15,9585.5,10111.75,0
2020-06-15 00:00:00,10033.05,10044.45,9735.75,9817.9,0
2020-06-16 00:00:00,10071.4,10160.45,9741.8,10089.95,0
2020-06-17 00:00:00,10039.5,10219.9,9965.75,10007.1,0
2020-06-18 00:00:00,9977.0,10402.05,9949.05,10372.0,0
2020-06-19 00:00:00,10378.5,10574.15,10332.35,10534.75,0
2020-06-22 00:00:00,10625.85,10804.65,10591.85,10662.55,0
2020-06-23 00:00:00,10730.25,10917.0,10601.35,10881.4,0
2020-06-24 00:00:00,10949.2,10971.2,10525.85,10556.7,0
2020-06-25 00:00:00,10456.9,10698.4,10356.7,10585.6,0
2020-06-26 00:00:00,10686.9,10699.35,10497.85,10588.45,0
2020-06-29 00:00:00,10463.45,10576.9,10352.4,10533.2,0
2020-06-30 00:00:00,10597.1,10666.35,10499.0,10561.9,0
2020-07-01 00:00:00,10558.35,10877.3,10540.3,10843.25,0
2020-07-02 00:00:00,10912.35,11012.7,10845.15,10906.75,0
2020-07-03 00:00:00,10980.15,10992.35,10838.75,10870.9,0
2020-07-06 00:00:00,11062.0,11121.1,11005.9,11023.7,0
2020-07-07 00:00:00,11070.65,11211.65,10981.6,11193.9,0
2020-07-08 00:00:00,11225.25,11305.0,11085.3,11129.25,0
2020-07-09 00:00:00,11174.05,11338.05,11153.8,11305.3,0
2020-07-10 00:00:00,11210.95,11276.6,11064.1,11091.2,0
2020-07-13 00:00:00,11185.55,11202.35,10874.45,10919.9,0
2020-07-14 00:00:00,10818.15,10836.0,10556.5,10652.0,0
2020-07-15 00:00:00,10760.0,10867.35,10571.65,10616.1,0
2020-07-16 00:00:00,10648.75,10731.9,10454.8,10708.3,0
2020-07-17 00:00:00,10720.1,10963.2,10713.75,10915.7,0
2020-07-20 00:00:00,11110.7,11173.0,11042.4,11093.2,0
2020-07-21 00:00:00,11234.4,11340.2,11224.75,11317.9,0
2020-07-22 00:00:00,11432.6,11454.1,11195.9,11290.4,0
2020-07-23 00:00:00,11286.05,11414.6,11241.05,11380.35,0
2020-07-24 00:00:00,11272.65,11272.65,11089.35,11184.9,0
2020-07-27 00:00:00,11169.05,11169.2,10889.8,10909.15,0
2020-07-28 00:00:00,10945.8,11101.65,10815.35,11057.05,0
2020-07-29 00:00:00,11025.5,11128.6,10927.15,10989.95,0
2020-07-30 00:00:00,11049.95,11101.3,10772.55,10795.1,0
2020-07-31 00:00:00,10820.15,10820.7,10630.85,10728.85,0
2020-08-03 00:00:00,10698.75,10698.75,10442.55,10467.2,0
2020-08-04 00:00:00,10541.65,10736.85,10476.3,10706.0,0
2020-08-05 00:00:00,10772.2,10894.45,10659.7,10685.35,0
2020-08-06 00:00:00,10769.1,10897.35,10666.8,10797.35,0
2020-08-07 00:00:00,10776.2,10840.55,10699.0,10823.1,0
2020-08-10 00:00:00,10883.35,10995.5,10871.4,10913.8,0
2020-08-11 00:00:00,10981.25,11071.85,10978.3,11030.2,0
2020-08-12 00:00:00,10994.75,11032.5,10907.45,10996.1,0
2020-08-13 00:00:00,11050.05,11070.0,10959.4,10978.2,0
2020-08-14 00:00:00,11042.2,11042.2,10676.15,10758.45,0
2020-08-17 00:00:00,10865.2,10865.75,10675.35,10783.6,0
2020-08-18 00:00:00,10780.85,11021.55,10759.55,10995.6,0
2020-08-19 00:00:00,11069.65,11090.45,11018.1,11042.35,0
2020-08-20 00:00:00,10909.7,10948.0,10852.55,10897.5,0
2020-08-21 00:00:00,10987.6,11059.3,10973.2,11025.75,0
2020-08-24 00:00:00,11080.0,11301.75,11069.25,11256.6,0
2020-08-25 00:00:00,11317.6,11382.15,11242.75,11358.95,0
2020-08-26 00:00:00,11401.25,11434.4,11336.5,11416.7,0
2020-08-27 00:00:00,11475.9,11545.4,11451.95,11483.4,0
2020-08-28 00:00:00,11509.45,11740.15,11490.4,11720.35,0
2020-08-31 00:00:00,11877.55,11986.55,11234.7,11389.0,0
2020-09-01 00:00:00,11480.1,11629.8,11340.1,11493.6,0
2020-09-02 00:00:00,11468.6,11522.7,11363.4,11490.55,0
2020-09-03 00:00:00,11526.7,11555.55,11346.05,11371.35,0
2020-09-04 00:00:00,11183.3,11282.2,11087.95,11157.75,0
2020-09-07 00:00:00,11171.4,11194.25,11059.15,11143.5,0
2020-09-08 00:00:00,11153.35,11205.2,11046.25,11086.2,0
2020-09-09 00:00:00,10982.65,11029.65,10827.15,10887.6,0
2020-09-10 00:00:00,10978.8,11062.25,10871.45,10968.05,0
2020-09-11 00:00:00,10988.05,11054.3,10873.05,10966.95,0
2020-09-14 00:00:00,11056.4,11086.0,10754.45,10782.65,0
2020-09-15 00:00:00,10850.3,10950.35,10798.65,10925.95,0
2020-09-16 00:00:00,10936.5,11041.5,10873.55,11016.1,0
2020-09-17 00:00:00,10917.15,10980.8,10851.1,10881.15,0
2020-09-18 00:00:00,10938.75,10944.1,10670.35,10746.85,0
2020-09-21 00:00:00,10728.0,10775.1,10488.95,10527.2,0
2020-09-22 00:00:00,10562.1,10565.05,10355.5,10414.85,0
2020-09-23 00:00:00,10511.95,10515.95,10294.2,10426.5,0
2020-09-24 00:00:00,10301.45,10329.4,10113.55,10134.8,0
2020-09-25 00:00:00,10257.65,10376.45,10114.5,10332.25,0
2020-09-28 00:00:00,10416.75,10613.55,10363.5,10591.35,0
2020-09-29 00:00:00,10647.45,10680.45,10482.35,10561.9,0
2020-09-30 00:00:00,10562.1,10667.45,10480.65,10622.4,0
2020-10-01 00:00:00,10726.8,10968.45,10717.75,10949.6,0
2020-10-05 00:00:00,10981.95,11137.45,10943.4,10963.25,0
2020-10-06 00:00:00,11098.3,11329.75,11092.4,11308.9,0
2020-10-07 00:00:00,11304.9,11380.1,11190.8,11340.9,0
2020-10-08 00:00:00,11423.85,11536.15,11375.75,11433.5,0
2020-10-09 00:00:00,11477.1,11726.2,11420.9,11648.45,0
2020-10-12 00:00:00,11691.5,11798.95,11518.5,11589.9,0
2020-10-13 00:00:00,11572.6,11612.05,11449.85,11480.95,0
2020-10-14 00:00:00,11435.85,11722.55,11344.15,11686.65,0
2020-10-15 00:00:00,11705.35,11771.35,11309.05,11341.6,0
2020-10-16 00:00:00,11395.9,11569.15,11364.1,11512.8,0
2020-10-19 00:00:00,11691.55,11825.65,11631.1,11803.75,0
2020-10-20 00:00:00,11770.7,11880.2,11730.0,11820.8,0
2020-10-21 00:00:00,11880.5,12022.55,11724.1,11964.4,0
2020-10-22 00:00:00,11885.2,12003.3,11818.95,11921.35,0
2020-10-23 00:00:00,12003.05,12043.55,11898.65,11947.4,0
2020-10-26 00:00:00,11957.4,11976.95,11722.05,11827.85,0
2020-10-27 00:00:00,11905.0,12102.1,11771.35,12082.1,0
2020-10-28 00:00:00,12070.65,12070.65,11747.9,11802.4,0
2020-10-29 00:00:00,11702.95,11846.3,11633.35,11710.65,0
2020-10-30 00:00:00,11699.3,11783.7,11511.45,11636.05,0
2020-11-02 00:00:00,11789.8,12174.0,11700.95,12089.05,0
2020-11-03 00:00:00,12158.85,12497.0,12150.7,12468.2,0
2020-11-04 00:00:00,12403.5,12507.05,12215.45,12458.25,0
2020-11-05 00:00:00,12601.85,12684.45,12542.15,12659.35,0
2020-11-06 00:00:00,12653.0,12915.65,12612.0,12893.8,0
2020-11-09 00:00:00,13007.95,13184.7,13001.9,13158.25,0
2020-11-10 00:00:00,13377.9,13736.65,13340.25,13698.6,0
2020-11-11 00:00:00,13751.9,13928.2,13633.15,13889.9,0
2020-11-12 00:00:00,13783.25,13801.7,13611.3,13743.35,0
2020-11-13 00:00:00,13676.6,13798.2,13531.6,13779.75,0
2020-11-14 00:00:00,13879.4,13912.3,13793.55,13840.25,0
2020-11-17 00:00:00,13948.65,14128.8,13884.05,14109.35,0
2020-11-18 00:00:00,14071.5,14315.85,14038.95,14301.45,0
2020-11-19 00:00:00,14127.05,14276.8,13942.8,13973.5,0
2020-11-20 00:00:00,13994.65,14273.05,13936.2,14210.5,0
2020-11-23 00:00:00,14293.75,14309.85,13989.65,14059.1,0
2020-11-24 00:00:00,14170.95,14312.6,14139.05,14275.25,0
2020-11-25 00:00:00,14393.55,14439.3,13981.75,14011.7,0
2020-11-26 00:00:00,14080.15,14271.75,13944.3,14237.65,0
2020-11-27 00:00:00,14277.25,14334.15,14136.15,14293.15,0
2020-12-01 00:00:00,14358.2,14410.35,14209.25,14352.05,0
2020-12-02 00:00:00,14360.1,14363.35,14053.85,14187.5,0
2020-12-03 00:00:00,14301.7,14305.35,14094.7,14138.75,0
2020-12-04 00:00:00,14181.4,14357.4,14124.1,14286.45,0
2020-12-07 00:00:00,14277.85,14383.9,14221.9,14360.25,0
2020-12-08 00:00:00,14410.75,14440.15,14315.1,14384.7,0
2020-12-09 00:00:00,14418.1,14580.25,14416.45,14554.3,0
2020-12-10 00:00:00,14504.65,14505.35,14342.75,14450.1,0
2020-12-11 00:00:00,14492.15,14577.25,14376.65,14501.9,0
2020-12-14 00:00:00,14560.65,14583.8,14458.55,14561.5,0
2020-12-15 00:00:00,14569.65,14695.15,14437.6,14673.0,0
2020-12-16 00:00:00,14800.05,14838.3,14694.45,14789.3,0
2020-12-17 00:00:00,14843.55,14988.9,14772.4,14963.55,0
2020-12-18 00:00:00,14937.0,14946.65,14741.3,14879.15,0
2020-12-21 00:00:00,14830.85,14847.55,14250.8,14392.6,0
2020-12-22 00:00:00,14453.65,14484.0,14145.95,14421.6,0
2020-12-23 00:00:00,14391.8,14544.9,14343.1,14517.05,0
2020-12-24 00:00:00,14607.25,14836.6,14576.75,14779.6,0
2020-12-28 00:00:00,14851.85,14988.15,14843.75,14966.45,0
2020-12-29 00:00:00,15021.9,15144.05,15015.85,15120.0,0
2020-12-30 00:00:00,15181.55,15184.25,15004.4,15162.9,0
2020-12-31 00:00:00,15165.8,15273.7,15092.8,15208.0,0
2021-01-01 00:00:00,15215.4,15282.45,15156.65,15184.5,0
2021-01-04 00:00:00,15289.65,15290.9,15016.8,15193.05,0
2021-01-05 00:00:00,15159.3,15405.45,15105.75,15380.55,0
2021-01-06 00:00:00,15444.2,15451.9,15281.35,15393.95,0
2021-01-07 00:00:00,15529.8,15540.6,15400.45,15424.55,0
2021-01-08 00:00:00,15557.1,15557.55,15430.85,15511.15,0
2021-01-11 00:00:00,15613.5,15626.85,15493.25,15605.1,0
2021-01-12 00:00:00,15554.55,15733.0,15510.35,15711.95,0
2021-01-13 00:00:00,15803.45,15848.25,15480.4,15624.05,0
2021-01-14 00:00:00,15615.35,15692.7,15567.6,15608.95,0
2021-01-15 00:00:00,15576.9,15613.85,15364.35,15453.45,0
2021-01-18 00:00:00,15484.0,15525.35,15193.9,15246.15,0
2021-01-19 00:00:00,15356.2,15648.8,15269.15,15614.1,0
2021-01-20 00:00:00,15613.8,15703.35,15541.85,15663.0,0
2021-01-21 00:00:00,15721.2,15748.45,15463.65,15546.7,0
2021-01-22 00:00:00,15530.75,15538.1,15115.95,15141.8,0
2021-01-25 00:00:00,15323.4,15447.8,15102.35,15143.65,0
2021-01-27 00:00:00,15156.75,15156.75,14687.75,14723.9,0
2021-01-28 00:00:00,14510.35,14634.95,14352.2,14602.85,0
2021-01-29 00:00:00,14768.55,14876.4,14545.35,14593.3,0
2021-02-01 00:00:00,14779.8,15770.75,14732.65,15702.45,0
2021-02-02 00:00:00,15943.45,16455.45,15928.45,16208.9,0
2021-02-03 00:00:00,16360.1,16452.45,16074.85,16403.65,0
2021-02-04 00:00:00,16379.0,16633.55,16190.5,16606.9,0
2021-02-05 00:00:00,16643.7,16987.55,16641.1,16724.0,0
2021-02-08 00:00:00,16917.35,17036.55,16806.8,16862.3,0
2021-02-09 00:00:00,16931.75,17080.6,16747.1,16904.9,0
2021-02-10 00:00:00,16903.1,16992.7,16730.25,16869.35,0
2021-02-11 00:00:00,16806.75,16950.25,16790.05,16861.85,0
2021-02-12 00:00:00,16843.2,17077.55,16839.55,17016.3,0
2021-02-15 00:00:00,17175.1,17556.05,17141.25,17504.9,0
2021-02-16 00:00:00,17564.1,17654.45,17320.85,17448.3,0
2021-02-17 00:00:00,17392.0,17457.45,17218.45,17255.6,0
2021-02-18 00:00:00,17296.4,17302.9,16923.35,17000.6,0
2021-02-19 00:00:00,16901.1,17035.9,16634.15,16747.1,0
2021-02-22 00:00:00,16754.4,16832.55,16404.6,16479.2,0
2021-02-23 00:00:00,16589.8,16636.75,16351.9,16394.8,0
2021-02-24 00:00:00,16408.15,17007.7,16371.2,16951.45,0
2021-02-25 00:00:00,17052.2,17214.0,16892.7,16919.3,0
2021-02-26 00:00:00,16618.25,16636.6,16011.25,16085.25,0
2021-03-01 00:00:00,16314.45,16462.35,16199.9,16372.85,0
2021-03-02 00:00:00,16458.6,16543.95,16220.5,16398.6,0
2021-03-03 00:00:00,16577.05,16884.35,16493.05,16854.4,0
2021-03-04 00:00:00,16516.05,16731.3,16445.3,16550.6,0
2021-03-05 00:00:00,16408.5,16497.45,16223.3,16345.95,0
2021-03-08 00:00:00,16432.8,16541.95,16214.45,16285.45,0
2021-03-09 00:00:00,16451.9,16689.15,16437.85,16649.75,0
2021-03-10 00:00:00,16745.45,16772.55,16610.35,16689.7,0
2021-03-12 00:00:00,16962.85,16962.85,16387.0,16506.35,0
2021-03-15 00:00:00,16518.3,16518.3,16056.2,16301.25,0
2021-03-16 00:00:00,16382.65,16412.8,16142.5,16167.15,0
2021-03-17 00:00:00,16219.35,16295.05,15937.75,15977.4,0
2021-03-18 00:00:00,16135.15,16202.1,15774.15,15848.6,0
2021-03-19 00:00:00,15733.1,16091.25,15642.9,15985.35,0
2021-03-22 00:00:00,15967.45,15984.6,15668.95,15802.25,0
2021-03-23 00:00:00,15854.05,16023.5,15748.1,15944.4,0
2021-03-24 00:00:00,15818.6,15863.75,15574.05,15604.45,0
2021-03-25 00:00:00,15677.9,15708.3,15287.65,15474.75,0
2021-03-26 00:00:00,15728.55,15801.05,15614.7,15717.2,0
2021-03-30 00:00:00,15866.4,16067.9,15850.55,16037.85,0
2021-03-31 00:00:00,15991.6,15994.6,15662.8,15715.6,0
2021-04-01 00:00:00,15845.25,15942.15,15638.05,15909.25,0
2021-04-05 00:00:00,15847.65,15866.7,15231.6,15392.1,0
2021-04-06 00:00:00,15512.5,15548.9,15281.35,15394.85,0
2021-04-07 00:00:00,15421.2,15662.5,15283.7,15577.55,0
2021-04-08 00:00:00,15650.8,15736.3,15473.9,15525.15,0
2021-04-09 00:00:00,15490.0,15591.7,15369.6,15412.5,0
2021-04-12 00:00:00,15054.65,15068.0,14600.65,14711.0,0
2021-04-13 00:00:00,14753.45,15234.1,14693.0,15209.15,0
2021-04-15 00:00:00,15300.45,15411.95,15050.25,15387.4,0
2021-04-16 00:00:00,15404.35,15479.75,15326.0,15362.25,0
2021-04-19 00:00:00,14900.4,15043.75,14675.45,15006.55,0
2021-04-20 00:00:00,15204.6,15255.4,14830.25,14922.1,0
2021-04-22 00:00:00,14778.25,15264.65,14690.15,15239.5,0
2021-04-23 00:00:00,15095.65,15381.7,15049.8,15238.25,0
2021-04-26 00:00:00,15436.05,15577.35,15377.0,15436.9,0
2021-04-27 00:00:00,15423.7,15615.9,15389.75,15589.25,0
2021-04-28 00:00:00,15630.65,16062.45,15610.45,16039.75,0
2021-04-29 00:00:00,16133.35,16297.55,15903.7,16047.05,0
2021-04-30 00:00:00,15790.8,15872.95,15526.6,15560.1,0
2021-05-03 00:00:00,15338.7,15575.75,15238.75,15529.2,0
2021-05-04 00:00:00,15588.15,15721.9,15377.8,15401.6,0
2021-05-05 00:00:00,15531.9,15607.5,15313.3,15556.9,0
2021-05-06 00:00:00,15622.15,15681.95,15526.35,15654.7,0
2021-05-07 00:00:00,15786.65,15847.8,15662.95,15771.05,0
2021-05-10 00:00:00,15900.9,15974.15,15855.0,15904.75,0
2021-05-11 00:00:00,15678.8,15821.8,15631.8,15699.9,0
2021-05-12 00:00:00,15631.85,15633.15,15457.35,15507.35,0
2021-05-14 00:00:00,15517.95,15554.5,15347.65,15412.35,0
2021-05-17 00:00:00,15533.05,15928.65,15467.6,15905.2,0
2021-05-18 00:00:00,16079.4,16208.85,16034.55,16140.15,0
2021-05-19 00:00:00,16067.85,16168.9,15954.6,15981.45,0
2021-05-20 00:00:00,16002.85,16047.95,15809.8,15832.4,0
2021-05-21 00:00:00,15950.8,16373.1,15948.25,16339.85,0
2021-05-24 00:00:00,16399.75,16556.9,16303.7,16444.6,0
2021-05-25 00:00:00,16523.5,16535.4,16243.55,16327.9,0
2021-05-26 00:00:00,16381.1,16458.7,16274.7,16413.3,0
2021-05-27 00:00:00,16420.75,16492.65,16290.95,16438.9,0
2021-05-28 00:00:00,16531.6,16603.05,16433.15,16495.3,0
2021-05-31 00:00:00,16476.1,16690.55,16383.7,16663.65,0
2021-06-01 00:00:00,16723.9,16794.75,16585.45,16646.0,0
2021-06-02 00:00:00,16604.95,16640.35,16486.65,16621.35,0
2021-06-03 00:00:00,16692.65,16792.25,16645.6,16780.65,0
2021-06-04 00:00:00,16794.4,16866.3,16677.1,16744.2,0
2021-06-07 00:00:00,16779.6,16790.5,16653.9,16702.85,0
2021-06-08 00:00:00,16707.15,16718.5,16543.95,16576.0,0
2021-06-09 00:00:00,16598.55,16694.45,16402.1,16467.35,0
2021-06-10 00:00:00,16510.5,16685.15,16437.45,16667.25,0
2021-06-11 00:00:00,16749.0,16763.25,16601.75,16639.4,0
2021-06-14 00:00:00,16593.1,16605.45,16344.5,16581.7,0
2021-06-15 00:00:00,16642.35,16700.5,16587.3,16676.8,0
2021-06-16 00:00:00,16652.0,16712.75,16547.4,16576.65,0
2021-06-17 00:00:00,16369.4,16503.4,16351.2,16409.55,0
2021-06-18 00:00:00,16484.1,16497.45,16139.95,16419.25,0
2021-06-21 00:00:00,16212.15,16560.95,16168.8,16534.65,0
2021-06-22 00:00:00,16643.4,16709.45,16478.3,16509.3,0
2021-06-23 00:00:00,16588.95,16592.85,16412.25,16430.45,0
2021-06-24 00:00:00,16483.2,16565.1,16440.8,16520.3,0
2021-06-25 00:00:00,16579.85,16757.55,16558.95,16722.35,0
2021-06-28 00:00:00,16773.6,16806.7,16635.25,16667.4,0
2021-06-29 00:00:00,16660.4,16665.1,16506.15,16545.7,0
2021-06-30 00:00:00,16540.95,16637.9,16427.0,16444.1,0
2021-07-01 00:00:00,16496.5,16500.5,16361.25,16376.85,0
2021-07-02 00:00:00,16411.45,16458.3,16347.45,16438.3,0
2021-07-05 00:00:00,16534.6,16619.2,16496.25,16610.85,0
2021-07-06 00:00:00,16588.9,16872.9,16586.45,16771.9,0
2021-07-07 00:00:00,16779.3,16886.8,16731.75,16874.45,0
2021-07-08 00:00:00,16815.45,16870.8,16614.55,16669.1,0
2021-07-09 00:00:00,16618.0,16650.2,16511.4,16590.0,0
2021-07-12 00:00:00,16669.85,16704.25,16544.15,16606.15,0
2021-07-13 00:00:00,16729.55,16868.8,16671.9,16852.15,0
2021-07-14 00:00:00,16821.55,16889.95,16739.6,16823.05,0
2021-07-15 00:00:00,16866.95,16976.65,16803.8,16926.3,0
2021-07-16 00:00:00,16968.45,16974.05,16857.4,16884.1,0
2021-07-19 00:00:00,16594.3,16680.05,16501.15,16555.75,0
2021-07-20 00:00:00,16434.55,16465.45,16264.7,16293.1,0
2021-07-22 00:00:00,16408.85,16572.0,16396.45,16499.2,0
2021-07-23 00:00:00,16520.0,16643.85,16382.85,16611.05,0
2021-07-26 00:00:00,16574.5,16632.1,16462.55,16574.85,0
2021-07-27 00:00:00,16615.6,16685.35,16497.65,16529.15,0
2021-07-28 00:00:00,16525.55,16532.35,16233.45,16444.75,0
2021-07-29 00:00:00,16517.15,16563.85,16451.25,16513.6,0
2021-07-30 00:00:00,16525.85,16561.15,16428.95,16468.65,0
2021-08-02 00:00:00,16577.95,16603.45,16484.55,16539.55,0
2021-08-03 00:00:00,16586.45,16833.65,16555.8,16818.05,0
2021-08-04 00:00:00,16898.55,17311.4,16868.95,17253.05,0
2021-08-05 00:00:00,17299.05,17309.25,17131.45,17193.3,0
2021-08-06 00:00:00,17202.35,17263.4,17111.15,17136.15,0
2021-08-09 00:00:00,17143.5,17284.65,17078.85,17202.55,0
2021-08-10 00:00:00,17200.35,17345.05,17185.5,17254.45,0
2021-08-11 00:00:00,17325.15,17329.15,17022.5,17147.65,0
2021-08-12 00:00:00,17151.5,17251.15,17108.4,17233.5,0
2021-08-13 00:00:00,17252.65,17382.3,17247.4,17350.15,0
2021-08-16 00:00:00,17315.45,17442.0,17288.35,17421.3,0
2021-08-17 00:00:00,17369.55,17397.05,17224.95,17371.15,0
2021-08-18 00:00:00,17516.65,17534.85,17226.2,17273.0,0
2021-08-20 00:00:00,17096.75,17218.55,17052.7,17152.55,0
2021-08-23 00:00:00,17330.1,17331.9,17086.65,17220.95,0
2021-08-24 00:00:00,17261.35,17487.0,17160.75,17461.1,0
2021-08-25 00:00:00,17502.6,17574.95,17376.75,17403.65,0
2021-08-26 00:00:00,17383.7,17486.9,17335.05,17441.4,0
2021-08-27 00:00:00,17424.5,17541.35,17325.65,17520.25,0
2021-08-30 00:00:00,17612.35,17870.85,17597.55,17843.9,0
2021-08-31 00:00:00,17832.6,18096.6,17802.5,18070.7,0
2021-09-01 00:00:00,18106.7,18248.15,17999.05,18036.0,0
2021-09-02 00:00:00,18047.2,18203.4,17995.8,18181.8,0
2021-09-03 00:00:00,18180.3,18286.8,18030.15,18130.55,0
2021-09-06 00:00:00,18193.55,18201.55,18048.3,18077.2,0
2021-09-07 00:00:00,18074.4,18185.5,17899.95,18103.95,0
2021-09-08 00:00:00,18115.8,18244.8,18060.0,18207.45,0
2021-09-09 00:00:00,18167.75,18243.2,18095.25,18160.55,0
2021-09-13 00:00:00,18146.35,18198.0,18009.15,18126.6,0
2021-09-14 00:00:00,18212.75,18230.0,18090.9,18103.85,0
2021-09-15 00:00:00,18067.95,18201.95,18063.95,18158.25,0
2021-09-16 00:00:00,18160.15,18379.3,18116.75,18356.75,0
2021-09-17 00:00:00,18477.45,18634.25,18305.75,18476.25,0
2021-09-20 00:00:00,18278.05,18472.55,18138.85,18177.95,0
2021-09-21 00:00:00,18239.35,18342.1,17958.45,18310.05,0
2021-09-22 00:00:00,18312.55,18330.05,18129.6,18152.1,0
2021-09-23 00:00:00,18300.35,18590.85,18259.4,18566.2,0
2021-09-24 00:00:00,18644.65,18692.1,18521.15,18630.0,0
2021-09-27 00:00:00,18720.7,18822.05,18663.6,18706.85,0
2021-09-28 00:00:00,18779.0,18794.2,18261.55,18534.75,0
2021-09-29 00:00:00,18382.5,18447.8,18270.65,18371.3,0
2021-09-30 00:00:00,18338.4,18465.8,18264.6,18303.8,0
2021-10-01 00:00:00,18181.75,18197.2,18041.6,18137.8,0
2021-10-04 00:00:00,18239.2,18406.05,18217.55,18312.45,0
2021-10-05 00:00:00,18275.6,18388.45,18230.3,18367.05,0
2021-10-06 00:00:00,18378.6,18562.0,18274.9,18309.15,0
2021-10-07 00:00:00,18479.3,18487.15,18320.2,18336.95,0
2021-10-08 00:00:00,18392.3,18451.1,18258.15,18274.1,0
2021-10-11 00:00:00,18315.75,18621.7,18299.8,18527.65,0
2021-10-12 00:00:00,18483.25,18632.4,18455.55,18589.5,0
2021-10-13 00:00:00,18693.35,18720.9,18601.2,18652.5,0
2021-10-14 00:00:00,18668.9,18965.2,18653.7,18947.65,0
2021-10-18 00:00:00,19194.6,19196.65,19001.3,19034.3,0
2021-10-19 00:00:00,19143.55,19175.4,18957.4,19068.45,0
2021-10-20 00:00:00,19084.6,19109.9,18878.9,18957.55,0
2021-10-21 00:00:00,19049.25,19247.65,18925.55,19188.85,0
2021-10-22 00:00:00,19263.3,19508.8,19234.85,19302.95,0
2021-10-25 00:00:00,19525.95,19778.95,19312.85,19559.5,0
2021-10-26 00:00:00,19517.5,19696.3,19463.85,19651.1,0
2021-10-27 00:00:00,19664.75,19715.3,19444.75,19504.75,0
2021-10-28 00:00:00,19493.45,19504.95,18917.15,18987.55,0
2021-10-29 00:00:00,18954.5,19041.9,18568.85,18792.85,0
2021-11-01 00:00:00,18931.45,19095.2,18724.55,19009.65,0
2021-11-02 00:00:00,19040.2,19148.2,18955.05,19074.85,0
2021-11-03 00:00:00,19126.45,19220.5,18853.6,18930.1,0
2021-11-04 00:00:00,19031.6,19056.8,18971.2,18994.2,0
2021-11-08 00:00:00,19102.65,19258.45,18938.6,19216.2,0
2021-11-09 00:00:00,19212.3,19226.1,19014.15,19085.3,0
2021-11-10 00:00:00,18995.2,19054.85,18874.25,19010.25,0
2021-11-11 00:00:00,18948.1,18956.55,18688.1,18772.8,0
2021-11-12 00:00:00,18855.85,18996.05,18764.5,18976.2,0
2021-11-15 00:00:00,19031.75,19122.95,18894.3,18955.25,0
2021-11-16 00:00:00,18945.0,18964.0,18768.15,18805.75,0
2021-11-17 00:00:00,18707.85,18866.4,18653.5,18679.95,0
2021-11-18 00:00:00,18677.1,18771.9,18546.75,18606.35,0
2021-11-22 00:00:00,18667.8,18691.15,17998.45,18177.2,0
2021-11-23 00:00:00,17995.4,18331.9,17959.95,18261.5,0
2021-11-24 00:00:00,18300.6,18521.6,18233.05,18304.35,0
2021-11-25 00:00:00,18278.25,18323.85,18148.8,18264.45,0
2021-11-26 00:00:00,17998.0,18042.4,17575.15,17614.7,0
2021-11-29 00:00:00,17661.25,17762.65,17282.85,17629.95,0
2021-11-30 00:00:00,17558.3,18007.15,17477.9,17534.75,0
2021-12-01 00:00:00,17654.15,17808.75,17612.65,17758.85,0
2021-12-02 00:00:00,17739.65,18012.85,17708.15,17982.9,0
2021-12-03 00:00:00,17956.7,18100.35,17737.95,17779.5,0
2021-12-06 00:00:00,17802.3,17843.65,17576.9,17596.7,0
2021-12-07 00:00:00,17769.55,18071.45,17700.0,17979.35,0
2021-12-08 00:00:00,18140.5,18317.95,18115.45,18284.95,0
2021-12-09 00:00:00,18329.75,18355.15,18115.45,18202.45,0
2021-12-10 00:00:00,18164.7,18209.8,18037.15,18165.55,0
2021-12-13 00:00:00,18270.2,18324.95,17984.3,18006.9,0
2021-12-14 00:00:00,17919.95,17965.65,17757.3,17905.2,0
2021-12-15 00:00:00,17915.95,17972.65,17758.2,17776.95,0
2021-12-16 00:00:00,17934.35,17962.1,17639.9,17713.85,0
2021-12-17 00:00:00,17685.75,17721.9,17243.2,17280.7,0
2021-12-20 00:00:00,17077.9,17103.8,16547.15,16779.2,0
2021-12-21 00:00:00,16988.05,17050.95,16742.05,16841.45,0
2021-12-22 00:00:00,16951.6,17031.35,16848.8,16992.75,0
2021-12-23 00:00:00,17130.95,17220.2,17057.8,17116.55,0
2021-12-24 00:00:00,17177.25,17190.05,16847.9,16956.75,0
2021-12-27 00:00:00,16849.3,17137.2,16735.2,17111.3,0
2021-12-28 00:00:00,17232.55,17253.55,17103.95,17178.6,0
2021-12-29 00:00:00,17183.55,17248.8,17066.25,17130.0,0
2021-12-30 00:00:00,17113.85,17180.35,17021.1,17116.55,0
2021-12-31 00:00:00,17147.9,17379.2,17146.65,17330.85,0
2022-01-03 00:00:00,17377.95,17788.45,17371.35,17761.05,0
2022-01-04 00:00:00,17816.35,17994.35,17726.85,17972.95,0
2022-01-05 00:00:00,18027.6,18395.4,17973.5,18336.65,0
2022-01-06 00:00:00,18111.6,18284.75,18016.8,18174.8,0
2022-01-07 00:00:00,18215.15,18356.55,18070.85,18206.05,0
2022-01-10 00:00:00,18282.7,18503.9,18282.7,18483.85,0
2022-01-11 00:00:00,18487.1,18562.85,18381.85,18538.8,0
2022-01-12 00:00:00,18660.25,18747.65,18613.6,18684.75,0
2022-01-13 00:00:00,18705.1,18705.1,18560.4,18611.8,0
2022-01-14 00:00:00,18508.05,18603.6,18412.0,18566.1,0
2022-01-17 00:00:00,18504.0,18688.4,18478.65,18521.65,0
2022-01-18 00:00:00,18590.3,18730.1,18429.1,18468.7,0
2022-01-19 00:00:00,18488.05,18488.05,18170.45,18269.95,0
2022-01-20 00:00:00,18286.15,18319.0,17988.0,18137.95,0
2022-01-21 00:00:00,17974.35,18114.3,17858.1,18047.05,0
2022-01-24 00:00:00,18019.9,18039.5,17389.0,17633.45,0
2022-01-25 00:00:00,17445.55,17829.2,17324.15,17789.8,0
2022-01-27 00:00:00,17509.3,17834.6,17386.0,17763.15,0
2022-01-28 00:00:00,17878.05,17995.85,17634.15,17673.55,0
2022-01-31 00:00:00,17856.8,17931.4,17707.35,17836.25,0
2022-02-01 00:00:00,18065.9,18218.15,17702.55,18060.25,0
2022-02-02 00:00:00,18207.1,18430.75,18178.2,18408.8,0
2022-02-03 00:00:00,18394.55,18429.25,18090.9,18153.3,0
2022-02-04 00:00:00,18221.45,18241.05,17978.65,18071.7,0
2022-02-07 00:00:00,17970.5,18066.4,17534.95,17607.85,0
2022-02-08 00:00:00,17695.7,17719.7,17379.6,17632.55,0
2022-02-09 00:00:00,17761.55,17879.95,17716.45,17860.35,0
2022-02-10 00:00:00,17967.05,18145.8,17819.2,18068.35,0
2022-02-11 00:00:00,17859.2,17907.7,17730.6,17803.0,0
2022-02-14 00:00:00,17439.8,17488.45,17022.4,17059.1,0
2022-02-15 00:00:00,17119.4,17613.3,16976.8,17584.45,0
2022-02-16 00:00:00,17654.85,17773.1,17488.95,17544.25,0
2022-02-17 00:00:00,17607.45,17655.75,17408.9,17479.35,0
2022-02-18 00:00:00,17406.2,17617.9,17384.3,17524.95,0
2022-02-21 00:00:00,17420.35,17669.85,17305.75,17530.15,0
2022-02-22 00:00:00,17136.0,17567.85,17129.0,17462.7,0
2022-02-23 00:00:00,17586.35,17628.4,17392.4,17428.75,0
2022-02-24 00:00:00,16847.75,17076.5,16448.45,16531.55,0
2022-02-25 00:00:00,16836.65,17142.3,16772.9,17028.9,0
2022-02-28 00:00:00,16810.0,16974.0,16645.4,16936.3,0
2022-03-02 00:00:00,16573.65,16636.5,16375.7,16551.9,0
2022-03-03 00:00:00,16652.8,16729.75,16277.8,16359.05,0
2022-03-04 00:00:00,16188.9,16373.15,15938.15,16080.15,0
2022-03-07 00:00:00,15567.8,15627.55,15220.15,15391.15,0
2022-03-08 00:00:00,15239.9,15566.1,15042.45,15528.85,0
2022-03-09 00:00:00,15565.4,15930.75,15428.9,15845.5,0
2022-03-10 00:00:00,16467.0,16511.6,15990.95,16134.95,0
2022-03-11 00:00:00,16055.4,16316.35,15952.45,16165.2,0
2022-03-14 00:00:00,16203.0,16555.9,16167.7,16514.25,0
2022-03-15 00:00:00,16570.7,16651.8,16225.8,16352.1,0
2022-03-16 00:00:00,16596.5,16742.4,16557.35,16675.5,0
2022-03-17 00:00:00,16952.05,17196.35,16939.75,17137.4,0
2022-03-21 00:00:00,17224.35,17236.5,16898.6,16936.9,0
2022-03-22 00:00:00,16927.15,17132.85,16686.75,17087.15,0
2022-03-23 00:00:00,17207.15,17277.75,16898.8,16936.75,0
2022-03-24 00:00:00,16712.95,16859.8,16628.65,16672.0,0
2022-03-25 00:00:00,16770.5,16773.45,16531.25,16616.7,0
2022-03-28 00:00:00,16657.15,16687.8,16374.9,16667.95,0
2022-03-29 00:00:00,16774.45,16884.3,16676.9,16836.65,0
2022-03-30 00:00:00,17017.85,17181.45,16936.55,17167.05,0
2022-03-31 00:00:00,17204.7,17318.05,17115.1,17147.15,0
2022-04-01 00:00:00,17093.25,17501.5,17067.5,17467.15,0
2022-04-04 00:00:00,17853.0,18624.5,17813.95,18277.2,0
2022-04-05 00:00:00,18286.05,18298.25,17936.85,17989.3,0
2022-04-06 00:00:00,17820.35,17883.8,17679.2,17703.5,0
2022-04-07 00:00:00,17600.95,17748.8,17537.9,17577.4,0
2022-04-08 00:00:00,17647.65,17733.5,17482.3,17667.3,0
2022-04-11 00:00:00,17586.1,17702.1,17534.45,17567.8,0
2022-04-12 00:00:00,17473.25,17650.95,17424.6,17572.15,0
2022-04-13 00:00:00,17644.8,17689.25,17391.7,17419.6,0
2022-04-18 00:00:00,17124.35,17172.3,16931.95,17034.65,0
2022-04-19 00:00:00,17068.7,17100.75,16525.4,16708.9,0
2022-04-20 00:00:00,16775.05,16790.2,16585.0,16702.4,0
2022-04-21 00:00:00,16800.35,16994.7,16728.7,16959.95,0
2022-04-22 00:00:00,16789.9,16847.2,16641.15,16664.45,0
2022-04-25 00:00:00,16545.25,16715.95,16434.4,16639.95,0
2022-04-26 00:00:00,16831.5,16856.1,16720.2,16804.8,0
2022-04-27 00:00:00,16654.2,16681.7,16469.1,16557.7,0
2022-04-28 00:00:00,16637.25,16744.55,16505.05,16713.15,0
2022-04-29 00:00:00,16772.15,16927.3,16580.3,16636.55,0
2022-05-02 00:00:00,16403.25,16700.45,16400.25,16671.95,0
2022-05-04 00:00:00,16698.0,16732.2,16177.5,16236.95,0
2022-05-05 00:00:00,16422.55,16540.75,16221.4,16261.55,0
2022-05-06 00:00:00,15959.55,16008.95,15835.5,15895.35,0
2022-05-09 00:00:00,15656.35,15957.95,15634.3,15844.1,0
2022-05-10 00:00:00,15803.4,16067.6,15802.85,15929.9,0
2022-05-11 00:00:00,16033.5,16073.7,15769.3,15974.7,0
2022-05-12 00:00:00,15797.0,15828.95,15400.4,15487.5,0
2022-05-13 00:00:00,15647.2,15674.75,15247.15,15291.7,0
2022-05-16 00:00:00,15342.4,15584.65,15247.55,15492.85,0
2022-05-17 00:00:00,15568.25,15835.0,15505.3,15810.5,0
2022-05-18 00:00:00,15878.2,15981.95,15740.85,15765.9,0
2022-05-19 00:00:00,15430.95,15525.5,15347.95,15397.9,0
2022-05-20 00:00:00,15600.5,15827.3,15548.05,15793.6,0
2022-05-23 00:00:00,15828.3,16017.3,15702.8,15759.55,0
2022-05-24 00:00:00,15739.35,15932.65,15703.45,15809.85,0
2022-05-25 00:00:00,15904.15,16023.1,15874.7,15918.1,0
2022-05-26 00:00:00,16035.45,16285.4,15919.5,16231.3,0
2022-05-27 00:00:00,16336.25,16513.7,16301.35,16476.05,0
2022-05-30 00:00:00,16658.85,16721.9,16599.75,16629.2,0
2022-05-31 00:00:00,16518.85,16618.85,16378.95,16475.7,0
2022-06-01 00:00:00,16419.95,16579.0,16368.6,16502.3,0
2022-06-02 00:00:00,16436.5,16468.75,16349.55,16447.4,0
2022-06-03 00:00:00,16593.6,16615.0,16290.3,16330.4,0
2022-06-06 00:00:00,16258.15,16382.45,16218.05,16324.6,0
2022-06-07 00:00:00,16202.7,16225.65,16075.25,16152.0,0
2022-06-08 00:00:00,16237.95,16345.95,16063.4,16146.8,0
2022-06-09 00:00:00,16060.25,16232.3,16024.8,16209.85,0
2022-06-10 00:00:00,16027.35,16053.55,15808.7,15847.3,0
2022-06-13 00:00:00,15482.3,15504.4,15276.1,15356.4,0
2022-06-14 00:00:00,15230.65,15438.45,15217.25,15292.15,0
2022-06-15 00:00:00,15283.7,15407.65,15251.7,15333.3,0
2022-06-16 00:00:00,15461.45,15515.8,14970.9,15002.0,0
2022-06-17 00:00:00,14882.1,15136.6,14857.3,15059.3,0
2022-06-20 00:00:00,15116.95,15234.4,14995.35,15203.95,0
2022-06-21 00:00:00,15327.95,15588.2,15251.15,15436.35,0
2022-06-22 00:00:00,15367.95,15393.6,15242.35,15271.45,0
2022-06-23 00:00:00,15300.7,15498.75,15179.6,15391.65,0
2022-06-24 00:00:00,15500.55,15648.45,15494.85,15595.5,0
2022-06-27 00:00:00,15826.35,15826.5,15629.9,15651.0,0
2022-06-28 00:00:00,15548.3,15611.35,15470.3,15559.05,0
2022-06-29 00:00:00,15410.35,15490.05,15383.3,15409.35,0
2022-06-30 00:00:00,15358.7,15563.9,15358.7,15474.4,0
2022-07-01 00:00:00,15395.9,15674.9,15315.05,15620.75,0
2022-07-04 00:00:00,15600.7,15786.4,15559.6,15766.5,0
2022-07-05 00:00:00,15855.2,15981.5,15695.3,15729.15,0
2022-07-06 00:00:00,15745.05,16009.85,15735.4,15980.25,0
2022-07-07 00:00:00,16109.3,16196.8,16031.7,16179.0,0
2022-07-08 00:00:00,16332.4,16332.4,16188.45,16260.2,0
2022-07-11 00:00:00,16217.65,16403.9,16211.5,16365.6,0
2022-07-12 00:00:00,16282.75,16306.4,16168.15,16200.6,0
2022-07-13 00:00:00,16260.65,16291.6,16025.95,16043.85,0
2022-07-14 00:00:00,16065.6,16165.9,15950.65,15998.75,0
2022-07-15 00:00:00,16035.8,16128.8,15976.1,16112.75,0
2022-07-18 00:00:00,16164.25,16351.6,16120.0,16341.45,0
2022-07-19 00:00:00,16248.05,16458.75,16246.1,16436.2,0
2022-07-20 00:00:00,16593.25,16617.85,16487.9,16530.1,0
2022-07-21 00:00:00,16531.05,16631.15,16466.35,16600.5,0
2022-07-22 00:00:00,16663.45,16897.05,16643.35,16858.55,0
2022-07-25 00:00:00,16855.8,16964.35,16738.25,16837.55,0
2022-07-26 00:00:00,16850.4,16855.3,16697.85,16734.1,0
2022-07-27 00:00:00,16717.7,16891.85,16661.55,16880.3,0
2022-07-28 00:00:00,17022.5,17310.4,16998.25,17280.0,0
2022-07-29 00:00:00,17470.75,17506.85,17290.4,17437.8,0
2022-08-01 00:00:00,17512.55,17602.45,17414.0,17584.2,0
2022-08-02 00:00:00,17518.5,17595.85,17385.95,17538.8,0
2022-08-03 00:00:00,17513.2,17574.55,17375.55,17551.7,0
2022-08-04 00:00:00,17613.15,17641.75,17245.75,17472.05,0
2022-08-05 00:00:00,17515.7,17616.95,17466.2,17534.55,0
2022-08-08 00:00:00,17519.8,17729.45,17440.65,17697.6,0
2022-08-10 00:00:00,17741.15,17764.9,17643.85,17699.1,0
2022-08-11 00:00:00,17898.7,17998.5,17858.3,17977.4,0
2022-08-12 00:00:00,17993.0,18075.35,17918.95,18055.15,0
2022-08-16 00:00:00,18152.35,18243.55,18122.6,18191.35,0
2022-08-17 00:00:00,18230.15,18374.5,18144.25,18348.25,0
2022-08-18 00:00:00,18287.0,18427.35,18272.95,18406.05,0
2022-08-19 00:00:00,18425.05,18450.2,18064.7,18114.9,0
2022-08-22 00:00:00,17997.05,18007.95,17749.8,17763.4,0
2022-08-23 00:00:00,17626.85,17963.95,17621.35,17897.35,0
2022-08-24 00:00:00,17815.8,18011.65,17814.05,17987.0,0
2022-08-25 00:00:00,18053.85,18165.8,17862.35,17916.35,0
2022-08-26 00:00:00,18010.15,18102.3,17879.05,17933.9,0
2022-08-29 00:00:00,17533.25,17693.4,17481.05,17631.7,0
2022-08-30 00:00:00,17734.55,18265.7,17724.9,18235.05,0
2022-09-01 00:00:00,17913.95,18248.5,17912.75,18056.0,0
2022-09-02 00:00:00,18108.2,18219.95,17996.45,18147.25,0
2022-09-05 00:00:00,18159.2,18304.8,18154.45,18264.9,0
2022-09-06 00:00:00,18301.35,18385.7,18162.75,18197.9,0
2022-09-07 00:00:00,18052.0,18189.05,18043.25,18140.5,0
2022-09-08 00:00:00,18274.4,18426.95,18249.75,18409.45,0
2022-09-09 00:00:00,18537.25,18553.5,18353.75,18383.95,0
2022-09-12 00:00:00,18427.4,18494.5,18360.15,18437.6,0
2022-09-13 00:00:00,18571.05,18638.2,18544.6,18605.35,0
2022-09-14 00:00:00,18333.4,18857.8,18333.4,18745.6,0
2022-09-15 00:00:00,18800.75,18923.9,18609.95,18654.9,0
2022-09-16 00:00:00,18545.8,18599.25,18271.15,18372.05,0
2022-09-19 00:00:00,18348.6,18576.0,18274.3,18492.6,0
2022-09-20 00:00:00,18656.9,18842.2,18614.5,18750.75,0
2022-09-21 00:00:00,18664.7,18774.15,18518.75,18662.15,0
2022-09-22 00:00:00,18504.95,18581.5,18274.95,18403.7,0
2022-09-23 00:00:00,18300.2,18342.55,17882.8,17947.25,0
2022-09-26 00:00:00,17723.2,17816.45,17511.15,17565.3,0
2022-09-27 00:00:00,17636.95,17737.15,17361.35,17424.05,0
2022-09-28 00:00:00,17301.05,17449.95,17155.35,17210.05,0
2022-09-29 00:00:00,17345.1,17411.8,17080.7,17123.0,0
2022-09-30 00:00:00,17095.15,17609.4,16983.75,17506.65,0
2022-10-03 00:00:00,17438.35,17495.75,17232.3,17270.2,0
2022-10-04 00:00:00,17564.1,17761.3,17525.65,17741.05,0
2022-10-06 00:00:00,17830.45,17900.45,17730.75,17749.05,0
2022-10-07 00:00:00,17663.55,17737.75,17579.1,17707.0,0
2022-10-10 00:00:00,17488.55,17720.6,17409.8,17626.5,0
2022-10-11 00:00:00,17591.5,17675.05,17414.95,17455.2,0
2022-10-12 00:00:00,17472.65,17624.45,17421.65,17603.85,0
2022-10-13 00:00:00,17520.05,17552.2,17316.7,17389.45,0
2022-10-14 00:00:00,17726.15,17820.25,17646.15,17705.5,0
2022-10-17 00:00:00,17680.75,17929.25,17624.85,17908.9,0
2022-10-18 00:00:00,18038.0,18080.05,17961.05,18021.3,0
2022-10-19 00:00:00,18163.25,18227.05,18030.5,18093.75,0
2022-10-20 00:00:00,17980.95,18086.5,17912.25,18057.25,0
2022-10-21 00:00:00,18154.85,18300.85,18115.05,18194.1,0
2022-10-24 00:00:00,18442.5,18476.7,18393.95,18424.75,0
2022-10-25 00:00:00,18504.05,18515.45,18245.1,18280.9,0
2022-10-27 00:00:00,18441.4,18456.4,18281.05,18334.05,0
2022-10-28 00:00:00,18313.65,18450.75,18218.6,18284.3,0
2022-10-31 00:00:00,18416.65,18554.5,18385.15,18538.3,0
2022-11-01 00:00:00,18641.95,18734.55,18558.2,18606.4,0
2022-11-02 00:00:00,18670.0,18687.4,18542.15,18577.15,0
2022-11-03 00:00:00,18439.0,18654.15,18434.15,18582.25,0
2022-11-04 00:00:00,18568.7,18692.45,18515.25,18599.7,0
2022-11-07 00:00:00,18751.55,18767.9,18580.75,18739.25,0
2022-11-09 00:00:00,18804.1,18823.5,18646.1,18689.35,0
2022-11-10 00:00:00,18566.6,18636.1,18493.25,18604.6,0
2022-11-11 00:00:00,18853.9,19117.7,18795.95,19007.9,0
2022-11-14 00:00:00,19028.9,19062.0,18920.25,18970.85,0
2022-11-15 00:00:00,19032.75,19118.4,18946.45,19083.6,0
2022-11-16 00:00:00,19054.0,19192.55,19013.7,19148.35,0
2022-11-17 00:00:00,19079.1,19193.4,19043.8,19077.0,0
2022-11-18 00:00:00,19112.45,19134.35,18971.1,19070.95,0
2022-11-21 00:00:00,18993.9,19024.4,18902.6,18949.6,0
2022-11-22 00:00:00,18987.7,19000.4,18940.2,18973.2,0
2022-11-23 00:00:00,19069.9,19128.1,19019.75,19069.1,0
2022-11-24 00:00:00,19124.7,19318.55,19096.8,19277.0,0
2022-11-25 00:00:00,19324.9,19340.95,19165.25,19216.9,0
2022-11-28 00:00:00,19096.45,19257.6,19091.95,19200.2,0
2022-11-29 00:00:00,19176.45,19320.0,19176.45,19231.45,0
2022-11-30 00:00:00,19266.7,19407.7,19197.55,19358.85,0
2022-12-01 00:00:00,19480.65,19483.05,19307.1,19369.05,0
2022-12-02 00:00:00,19232.3,19292.55,19193.0,19249.55,0
2022-12-05 00:00:00,19300.4,19319.35,19165.15,19297.3,0
2022-12-06 00:00:00,19174.3,19256.95,19174.3,19242.3,0
2022-12-07 00:00:00,19247.2,19303.3,19139.45,19180.45,0
2022-12-08 00:00:00,19185.15,19312.7,19156.55,19292.4,0
2022-12-09 00:00:00,19362.4,19367.85,19200.2,19290.35,0
2022-12-12 00:00:00,19191.55,19357.35,19148.7,19313.8,0
2022-12-13 00:00:00,19346.25,19429.95,19336.45,19409.85,0
2022-12-14 00:00:00,19465.9,19515.9,19433.6,19466.0,0
2022-12-15 00:00:00,19421.15,19477.2,19171.1,19216.0,0
2022-12-16 00:00:00,19106.0,19220.35,19030.75,19111.95,0
2022-12-19 00:00:00,19153.5,19295.9,19100.2,19277.7,0
2022-12-20 00:00:00,19149.5,19245.95,19068.15,19222.3,0
2022-12-21 00:00:00,19283.4,19329.0,18839.0,18925.2,0
2022-12-22 00:00:00,19026.15,19053.75,18787.15,18858.6,0
2022-12-23 00:00:00,18675.7,18779.25,18571.95,18595.6,0
2022-12-26 00:00:00,18610.7,19010.65,18559.2,18928.65,0
2022-12-27 00:00:00,19002.05,19036.85,18838.3,19011.2,0
2022-12-28 00:00:00,18956.3,19042.6,18940.55,18982.85,0
2022-12-29 00:00:00,18903.15,19179.15,18796.95,19090.6,0
2022-12-30 00:00:00,19161.95,19166.7,18922.3,18981.2,0
2023-01-02 00:00:00,18982.5,19123.5,18937.15,19074.45,0
2023-01-03 00:00:00,19041.55,19219.55,19041.55,19196.05,0
2023-01-04 00:00:00,19172.6,19257.05,18966.75,19007.0,0
2023-01-05 00:00:00,19042.15,19045.2,18670.15,18782.2,0
2023-01-06 00:00:00,18808.65,18816.45,18500.1,18603.75,0
2023-01-09 00:00:00,18687.6,18805.1,18608.05,18731.55,0
2023-01-10 00:00:00,18758.2,18771.6,18412.4,18474.05,0
2023-01-11 00:00:00,18485.8,18608.95,18347.3,18566.6,0
2023-01-12 00:00:00,18571.1,18632.35,18411.55,18540.05,0
2023-01-13 00:00:00,18567.15,18682.45,18453.9,18646.2,0
2023-01-16 00:00:00,18763.1,18794.85,18461.05,18506.25,0
2023-01-17 00:00:00,18531.2,18632.45,18447.2,18604.25,0
2023-01-18 00:00:00,18617.1,18785.2,18560.1,18753.5,0
2023-01-19 00:00:00,18740.15,18797.0,18685.0,18739.7,0
2023-01-20 00:00:00,18799.75,18873.0,18751.7,18772.4,0
2023-01-23 00:00:00,18897.3,18961.85,18843.35,18887.5,0
2023-01-24 00:00:00,18957.55,19003.8,18844.9,18890.0,0
2023-01-25 00:00:00,18869.1,18886.1,18447.05,18488.55,0
2023-01-27 00:00:00,18372.65,18383.55,17916.55,18030.85,0
2023-01-30 00:00:00,17836.1,18175.65,17707.45,18091.25,0
2023-01-31 00:00:00,18155.1,18175.7,17950.5,18095.0,0
2023-02-01 00:00:00,18294.9,18658.65,17715.65,18084.8,0
2023-02-02 00:00:00,17839.5,18085.6,17747.9,18022.15,0
2023-02-03 00:00:00,18132.15,18462.15,18074.65,18447.65,0
2023-02-06 00:00:00,18440.8,18510.2,18296.85,18371.6,0
2023-02-07 00:00:00,18421.65,18455.95,18242.9,18395.65,0
2023-02-08 00:00:00,18415.5,18566.75,18405.35,18485.95,0
2023-02-09 00:00:00,18525.45,18538.0,18396.65,18511.8,0
2023-02-10 00:00:00,18476.25,18565.45,18463.9,18516.2,0
2023-02-13 00:00:00,18504.05,18540.1,18342.15,18428.95,0
2023-02-14 00:00:00,18483.85,18619.5,18425.6,18595.7,0
2023-02-15 00:00:00,18595.1,18663.0,18494.95,18636.95,0
2023-02-16 00:00:00,18714.05,18738.85,18541.85,18587.8,0
2023-02-17 00:00:00,18539.15,18555.8,18317.4,18434.1,0
2023-02-20 00:00:00,18473.6,18503.8,18208.55,18252.55,0
2023-02-21 00:00:00,18295.7,18378.35,18215.4,18262.45,0
2023-02-22 00:00:00,18186.05,18204.55,17905.2,17941.25,0
2023-02-23 00:00:00,17926.5,17984.65,17763.75,17912.1,0
2023-02-24 00:00:00,18022.25,18036.75,17827.95,17864.1,0
2023-02-27 00:00:00,17819.55,18037.0,17787.1,18001.4,0
2023-02-28 00:00:00,17969.7,18059.85,17909.45,17989.65,0
2023-03-01 00:00:00,18083.5,18136.1,18037.95,18100.3,0
2023-03-02 00:00:00,18070.2,18144.15,17920.4,17946.95,0
2023-03-03 00:00:00,18070.35,18322.8,18024.25,18264.5,0
2023-03-06 00:00:00,18336.35,18466.2,18320.2,18369.55,0
2023-03-08 00:00:00,18316.0,18410.9,18272.3,18393.2,0
2023-03-09 00:00:00,18374.95,18445.7,18237.2,18255.5,0
2023-03-10 00:00:00,18077.3,18088.0,17863.2,17927.75,0
2023-03-13 00:00:00,17907.55,18079.0,17584.0,17635.0,0
2023-03-14 00:00:00,17617.5,17717.65,17456.45,17545.75,0
2023-03-15 00:00:00,17693.45,17746.25,17361.85,17410.75,0
2023-03-16 00:00:00,17429.95,17564.45,17261.3,17463.9,0
2023-03-17 00:00:00,17577.05,17728.85,17386.2,17671.4,0
2023-03-20 00:00:00,17665.8,17665.8,17379.95,17549.75,0
2023-03-21 00:00:00,17660.3,17830.35,17593.7,17806.8,0
2023-03-22 00:00:00,17869.4,17895.5,17783.25,17863.45,0
2023-03-23 00:00:00,17790.7,17967.05,17716.25,17746.55,0
2023-03-24 00:00:00,17688.65,17788.45,17579.95,17623.4,0
2023-03-27 00:00:00,17659.8,17727.95,17555.5,17616.05,0
2023-03-28 00:00:00,17668.45,17698.25,17589.15,17664.45,0
2023-03-29 00:00:00,17702.95,17856.4,17693.95,17793.85,0
2023-03-31 00:00:00,17924.15,18090.25,17903.7,18058.7,0
2023-04-03 00:00:00,18096.65,18185.15,18041.75,18164.75,0
2023-04-05 00:00:00,18221.25,18390.4,18197.6,18372.15,0
2023-04-06 00:00:00,18345.65,18510.55,18303.8,18462.15,0
2023-04-10 00:00:00,18487.4,18493.35,18348.2,18390.7,0
2023-04-11 00:00:00,18518.7,18606.9,18447.4,18588.55,0
2023-04-12 00:00:00,18618.45,18726.75,18587.05,18702.05,0
2023-04-13 00:00:00,18718.9,18878.3,18661.9,18854.3,0
2023-04-17 00:00:00,19103.5,19103.5,18665.05,18827.25,0
2023-04-18 00:00:00,18890.0,18896.4,18718.35,18764.6,0
2023-04-19 00:00:00,18783.35,18794.45,18704.2,18768.65,0
2023-04-20 00:00:00,18793.5,18851.35,18733.75,18790.3,0
2023-04-21 00:00:00,18786.35,18843.3,18671.55,18753.75,0
2023-04-24 00:00:00,18910.4,19006.35,18822.65,18992.95,0
2023-04-25 00:00:00,19010.5,19050.25,18934.3,18961.85,0
2023-04-26 00:00:00,18929.15,19024.0,18859.85,19003.0,0
2023-04-27 00:00:00,18976.7,19118.75,18970.7,19097.15,0
2023-04-28 00:00:00,19109.45,19189.05,18977.75,19162.55,0
2023-05-02 00:00:00,19229.5,19265.2,19168.05,19208.05,0
2023-05-03 00:00:00,19151.55,19200.45,19091.8,19182.25,0
2023-05-04 00:00:00,19161.85,19501.2,19152.5,19479.35,0
2023-05-05 00:00:00,19104.15,19306.75,18995.35,19023.85,0
2023-05-08 00:00:00,19079.4,19353.4,19055.65,19303.95,0
2023-05-09 00:00:00,19360.45,19424.9,19238.15,19274.7,0
2023-05-10 00:00:00,19306.0,19356.15,19138.1,19337.15,0
2023-05-11 00:00:00,19428.15,19517.65,19366.75,19401.5,0
2023-05-12 00:00:00,19366.7,19556.35,19335.85,19507.15,0
2023-05-15 00:00:00,19519.8,19631.85,19461.4,19583.2,0
2023-05-16 00:00:00,19584.55,19584.55,19392.65,19439.0,0
2023-05-17 00:00:00,19460.7,19461.3,19206.4,19301.35,0
2023-05-18 00:00:00,19421.75,19485.55,19332.05,19363.75,0
2023-05-19 00:00:00,19443.2,19446.1,19266.85,19420.2,0
2023-05-22 00:00:00,19405.4,19448.85,19310.75,19386.2,0
2023-05-23 00:00:00,19437.15,19465.35,19356.75,19397.8,0
2023-05-24 00:00:00,19309.1,19433.25,19227.15,19243.0,0
2023-05-25 00:00:00,19219.55,19255.9,19118.4,19239.3,0
2023-05-26 00:00:00,19276.5,19391.45,19200.65,19370.5,0
2023-05-29 00:00:00,19516.95,19614.1,19476.5,19532.7,0
2023-05-30 00:00:00,19518.2,19636.9,19493.55,19606.05,0
2023-05-31 00:00:00,19567.7,19572.55,19338.55,19445.75,0
2023-06-01 00:00:00,19508.4,19509.1,19285.9,19322.7,0
2023-06-02 00:00:00,19419.25,19435.35,19318.3,19368.2,0
2023-06-05 00:00:00,19453.5,19512.6,19426.05,19438.5,0
2023-06-06 00:00:00,19461.75,19516.75,19407.85,19479.65,0
2023-06-07 00:00:00,19542.8,19556.05,19469.2,19538.1,0
2023-06-08 00:00:00,19494.75,19623.05,19403.2,19436.35,0
2023-06-09 00:00:00,19455.3,19505.95,19391.3,19411.8,0
2023-06-12 00:00:00,19440.75,19481.7,19377.5,19399.75,0
2023-06-13 00:00:00,19372.1,19497.65,19372.05,19469.0,0
2023-06-14 00:00:00,19512.5,19528.75,19403.5,19418.3,0
2023-06-15 00:00:00,19452.8,19457.6,19213.5,19228.65,0
2023-06-16 00:00:00,19290.5,19519.8,19264.25,19456.9,0
2023-06-19 00:00:00,19522.05,19533.05,19361.8,19425.9,0
2023-06-20 00:00:00,19422.5,19525.95,19302.9,19502.9,0
2023-06-21 00:00:00,19594.3,19660.1,19533.0,19635.95,0
2023-06-22 00:00:00,19660.4,19741.8,19577.9,19594.35,0
2023-06-23 00:00:00,19543.4,19624.65,19488.15,19515.05,0
2023-06-26 00:00:00,19532.9,19554.75,19456.3,19521.75,0
2023-06-27 00:00:00,19601.0,19809.15,19555.8,19788.5,0
2023-06-28 00:00:00,19917.2,19954.9,19812.35,19895.15,0
2023-06-30 00:00:00,20041.75,20077.8,19949.45,20057.7,0
2023-07-03 00:00:00,20147.25,20398.75,20125.0,20253.75,0
2023-07-04 00:00:00,20373.35,20577.25,20307.3,20413.4,0
2023-07-05 00:00:00,20354.2,20395.75,20203.55,20246.2,0
2023-07-06 00:00:00,20210.25,20314.4,20186.65,20270.15,0
2023-07-07 00:00:00,20167.1,20246.4,20053.45,20086.9,0
2023-07-10 00:00:00,20097.65,20175.2,20014.1,20057.3,0
2023-07-11 00:00:00,20112.6,20201.95,19940.9,19969.35,0
2023-07-12 00:00:00,20035.95,20091.3,19893.05,19924.1,0
2023-07-13 00:00:00,20091.2,20159.1,19991.9,20021.5,0
2023-07-14 00:00:00,20117.55,20140.25,19937.4,20050.5,0
2023-07-17 00:00:00,20111.2,20339.5,19984.6,20301.25,0
2023-07-18 00:00:00,20428.3,20476.25,20208.65,20262.55,0
2023-07-19 00:00:00,20312.05,20388.45,20268.15,20377.3,0
2023-07-20 00:00:00,20369.5,20613.0,20319.3,20584.35,0
2023-07-21 00:00:00,20531.95,20653.45,20482.1,20534.3,0
2023-07-24 00:00:00,20574.1,20611.35,20471.6,20502.75,0
2023-07-25 00:00:00,20607.1,20608.0,20411.4,20530.1,0
2023-07-26 00:00:00,20560.9,20627.3,20480.6,20540.8,0
2023-07-27 00:00:00,20656.9,20666.6,20330.35,20381.1,0
2023-07-28 00:00:00,20339.8,20407.8,20195.6,20298.05,0
2023-07-31 00:00:00,20303.6,20363.2,20213.35,20342.05,0
2023-08-01 00:00:00,20369.05,20382.2,20268.35,20327.25,0
2023-08-02 00:00:00,20172.65,20245.4,19957.35,20066.95,0
2023-08-03 00:00:00,20000.05,20088.45,19731.15,19832.45,0
2023-08-04 00:00:00,19931.1,20043.5,19851.5,19988.55,0
2023-08-07 00:00:00,20062.65,20077.35,19971.1,20022.6,0
2023-08-08 00:00:00,20048.3,20120.9,20012.6,20087.45,0
2023-08-09 00:00:00,20104.8,20104.8,19908.6,20044.4,0
2023-08-10 00:00:00,20009.35,20066.4,19846.65,19890.9,0
2023-08-11 00:00:00,19913.5,19915.7,19699.9,19718.65,0
2023-08-14 00:00:00,19647.1,19705.3,19527.05,19652.5,0
2023-08-16 00:00:00,19486.25,19610.9,19424.2,19586.1,0
2023-08-17 00:00:00,19565.9,19622.7,19496.4,19548.0,0
2023-08-18 00:00:00,19461.65,19528.85,19436.85,19481.25,0
2023-08-21 00:00:00,19511.45,19622.0,19470.8,19571.5,0
2023-08-22 00:00:00,19626.5,19657.6,19527.4,19551.75,0
2023-08-23 00:00:00,19584.45,19744.1,19511.55,19731.95,0
2023-08-24 00:00:00,19823.05,19927.05,19690.75,19717.85,0
2023-08-25 00:00:00,19633.6,19705.0,19541.9,19651.55,0
2023-08-28 00:00:00,19659.75,19797.45,19638.15,19759.65,0
2023-08-29 00:00:00,19836.5,19843.65,19765.25,19799.95,0
2023-08-30 00:00:00,19899.3,19914.4,19666.85,19701.35,0
2023-08-31 00:00:00,19719.1,19745.8,19566.2,19597.65,0
2023-09-01 00:00:00,19598.05,19806.75,19545.7,19764.35,0
2023-09-04 00:00:00,19867.25,19871.0,19701.0,19787.6,0
2023-09-05 00:00:00,19808.6,19817.05,19706.5,19754.75,0
2023-09-06 00:00:00,19739.5,19811.05,19654.0,19759.0,0
2023-09-07 00:00:00,19764.35,19977.35,19719.35,19960.7,0
2023-09-08 00:00:00,19989.8,20221.35,19953.65,20138.1,0
2023-09-11 00:00:00,20218.1,20329.3,20177.85,20305.3,0
2023-09-12 00:00:00,20439.95,20440.05,20222.9,20303.85,0
2023-09-13 00:00:00,20265.25,20430.15,20206.2,20386.75,0
2023-09-14 00:00:00,20416.45,20468.05,20329.85,20408.2,0
2023-09-15 00:00:00,20455.6,20573.25,20447.35,20531.35,0
2023-09-18 00:00:00,20479.9,20509.6,20374.8,20408.25,0
2023-09-20 00:00:00,20191.3,20267.65,20064.35,20104.5,0
2023-09-21 00:00:00,20005.7,20032.0,19799.25,19814.95,0
2023-09-22 00:00:00,19831.6,19931.95,19706.6,19732.95,0
2023-09-25 00:00:00,19748.45,19913.0,19721.25,19842.6,0
2023-09-26 00:00:00,19821.15,19852.85,19771.7,19797.85,0
2023-09-27 00:00:00,19726.0,19799.0,19603.9,19772.55,0
2023-09-28 00:00:00,19808.4,19828.45,19649.35,19675.55,0
2023-09-29 00:00:00,19729.2,19880.6,19695.6,19811.1,0
2023-10-03 00:00:00,19793.4,19795.0,19669.05,19733.7,0
2023-10-04 00:00:00,19629.45,19655.15,19534.75,19578.05,0
2023-10-05 00:00:00,19672.55,19762.75,19638.15,19678.6,0
2023-10-06 00:00:00,19759.85,19856.75,19714.75,19818.2,0
2023-10-09 00:00:00,19698.45,19716.5,19569.6,19594.65,0
2023-10-10 00:00:00,19659.2,19879.25,19650.9,19834.85,0
2023-10-11 00:00:00,19931.05,19985.15,19879.95,19929.75,0
2023-10-12 00:00:00,19938.95,19972.7,19903.95,19945.7,0
2023-10-13 00:00:00,19836.75,19937.4,19788.4,19827.35,0
2023-10-16 00:00:00,19797.3,19863.95,19733.0,19814.5,0
2023-10-17 00:00:00,19980.05,19981.85,19918.8,19943.2,0
2023-10-18 00:00:00,19923.95,19926.95,19667.35,19687.2,0
2023-10-19 00:00:00,19533.8,19737.15,19500.65,19610.15,0
2023-10-20 00:00:00,19525.4,19664.3,19506.25,19606.25,0
2023-10-23 00:00:00,19646.25,19665.7,19350.3,19404.8,0
2023-10-25 00:00:00,19460.4,19486.85,19192.25,19224.1,0
2023-10-26 00:00:00,19152.15,19161.4,18870.15,18922.7,0
2023-10-27 00:00:00,19051.35,19154.2,19031.8,19129.15,0
2023-10-30 00:00:00,19095.6,19269.5,18964.15,19241.4,0
2023-10-31 00:00:00,19386.3,19386.7,19175.5,19204.6,0
2023-11-01 00:00:00,19140.95,19196.55,19088.0,19144.6,0
2023-11-02 00:00:00,19277.65,19399.65,19194.6,19271.95,0
2023-11-03 00:00:00,19404.35,19433.9,19356.65,19367.4,0
2023-11-06 00:00:00,19509.25,19548.2,19423.55,19537.55,0
2023-11-07 00:00:00,19552.2,19586.7,19356.35,19560.6,0
2023-11-08 00:00:00,19574.35,19577.4,19456.05,19510.9,0
2023-11-09 00:00:00,19495.1,19566.9,19448.25,19491.95,0
2023-11-10 00:00:00,19429.05,19608.2,19423.1,19571.05,0
2023-11-12 00:00:00,19676.05,19677.7,19625.55,19657.25,0
2023-11-13 00:00:00,19606.0,19615.7,19479.9,19542.15,0
2023-11-15 00:00:00,19759.1,19775.65,19690.3,19722.85,0
2023-11-16 00:00:00,19688.6,19842.55,19640.0,19732.25,0
2023-11-17 00:00:00,19496.95,19647.95,19469.85,19554.3,0
2023-11-20 00:00:00,19552.8,19592.5,19483.1,19518.6,0
2023-11-21 00:00:00,19619.0,19635.4,19584.6,19612.1,0
2023-11-22 00:00:00,19604.6,19615.7,19467.25,19566.3,0
2023-11-23 00:00:00,19563.7,19642.4,19561.7,19587.25,0
2023-11-24 00:00:00,19595.45,19665.4,19576.95,19652.0,0
2023-11-28 00:00:00,19685.45,19739.4,19645.85,19702.65,0
2023-11-29 00:00:00,19786.75,20022.55,19766.15,20000.35,0
2023-11-30 00:00:00,20051.6,20099.3,19903.35,20054.65,0
2023-12-01 00:00:00,20096.7,20255.3,20074.15,20211.0,0
2023-12-04 00:00:00,20571.3,20884.3,20493.05,20862.9,0
2023-12-05 00:00:00,21068.05,21161.8,20938.25,21055.8,0
2023-12-06 00:00:00,21161.15,21161.15,20993.5,21026.75,0
2023-12-07 00:00:00,20992.45,21075.25,20911.05,21023.45,0
2023-12-08 00:00:00,21007.05,21237.2,21006.3,21213.85,0
2023-12-11 00:00:00,21192.65,21321.5,21162.45,21214.7,0
2023-12-12 00:00:00,21260.75,21277.75,21140.35,21173.25,0
2023-12-13 00:00:00,21203.65,21208.7,21055.45,21171.2,0
2023-12-14 00:00:00,21375.6,21562.2,21354.35,21461.25,0
2023-12-15 00:00:00,21545.4,21570.95,21365.4,21529.75,0
2023-12-18 00:00:00,21513.15,21535.45,21418.15,21444.9,0
2023-12-19 00:00:00,21476.85,21491.05,21337.15,21434.45,0
2023-12-20 00:00:00,21518.35,21552.35,21096.75,21201.25,0
2023-12-21 00:00:00,21087.25,21359.25,20996.45,21326.0,0
2023-12-22 00:00:00,21339.25,21413.5,21138.45,21197.15,0
2023-12-26 00:00:00,21240.35,21303.6,21192.9,21261.65,0
2023-12-27 00:00:00,21316.0,21491.7,21306.05,21465.7,0
2023-12-28 00:00:00,21555.35,21627.35,21490.8,21534.1,0
2023-12-29 00:00:00,21461.5,21523.9,21417.4,21487.45,0
2024-01-01 00:00:00,21449.25,21551.45,21376.5,21457.1,0
2024-01-02 00:00:00,21453.7,21465.8,21299.1,21346.15,0
2024-01-03 00:00:00,21362.15,21368.3,21216.55,21256.55,0
2024-01-04 00:00:00,21346.75,21551.55,21329.1,21516.6,0
2024-01-05 00:00:00,21529.95,21602.1,21380.4,21514.2,0
2024-01-08 00:00:00,21511.95,21554.05,21270.15,21292.45,0
2024-01-09 00:00:00,21385.45,21479.45,21155.4,21197.25,0
2024-01-10 00:00:00,21138.85,21256.95,21095.85,21224.3,0
2024-01-11 00:00:00,21299.25,21382.75,21170.8,21249.2,0
2024-01-12 00:00:00,21303.75,21371.95,21217.9,21300.7,0
2024-01-15 00:00:00,21374.5,21499.35,21336.7,21461.35,0
2024-01-16 00:00:00,21444.05,21513.5,21415.0,21447.15,0
2024-01-17 00:00:00,20733.7,21015.8,20486.9,20528.9,0
2024-01-18 00:00:00,20245.95,20522.1,20194.75,20324.05,0
2024-01-19 00:00:00,20510.35,20604.9,20371.15,20425.35,0
2024-01-20 00:00:00,20548.95,20619.5,20412.65,20542.05,0
2024-01-23 00:00:00,20735.5,20771.85,20081.3,20137.05,0
2024-01-24 00:00:00,19878.55,20324.5,19878.55,20206.4,0
2024-01-25 00:00:00,20204.15,20234.9,19941.3,20099.4,0
2024-01-29 00:00:00,20246.4,20465.0,20235.75,20413.35,0
2024-01-30 00:00:00,20392.15,20466.3,20242.7,20285.5,0
2024-01-31 00:00:00,20249.25,20587.45,20160.55,20497.5,0
2024-02-01 00:00:00,20555.95,20570.2,20355.7,20516.65,0
2024-02-02 00:00:00,20661.05,20817.5,20408.3,20434.05,0
2024-02-05 00:00:00,20441.35,20458.05,20260.0,20315.85,0
2024-02-06 00:00:00,20351.8,20391.0,20240.55,20365.5,0
2024-02-07 00:00:00,20463.45,20537.6,20357.85,20443.65,0
2024-02-08 00:00:00,20496.65,20542.85,20021.35,20064.7,0
2024-02-09 00:00:00,20037.85,20233.55,19958.6,20203.3,0
2024-02-12 00:00:00,20198.4,20231.55,19822.05,19918.5,0
2024-02-13 00:00:00,19984.3,20272.1,19920.05,20190.5,0
2024-02-14 00:00:00,19976.65,20394.0,19941.1,20325.55,0
2024-02-15 00:00:00,20372.2,20442.95,20205.35,20416.15,0
2024-02-16 00:00:00,20526.0,20552.3,20401.9,20472.75,0
2024-02-19 00:00:00,20543.4,20611.75,20466.55,20548.9,0
2024-02-20 00:00:00,20517.45,20818.2,20482.2,20800.85,0
2024-02-21 00:00:00,20897.3,20897.3,20631.45,20686.75,0
2024-02-22 00:00:00,20635.05,20712.0,20440.9,20665.9,0
2024-02-23 00:00:00,20717.7,20794.65,20645.0,20677.1,0
2024-02-26 00:00:00,20585.85,20724.2,20585.25,20619.7,0
2024-02-27 00:00:00,20564.85,20631.3,20527.95,20552.9,0
2024-02-28 00:00:00,20577.05,20627.9,20293.35,20340.4,0
2024-02-29 00:00:00,20306.85,20495.4,20234.75,20407.9,0
2024-03-01 00:00:00,20446.1,20863.65,20446.1,20842.7,0
2024-03-02 00:00:00,20884.05,20906.5,20827.7,20848.25,0
2024-03-04 00:00:00,20852.15,20959.8,20807.0,20927.25,0
2024-03-05 00:00:00,20846.5,20958.25,20814.5,20854.5,0
2024-03-06 00:00:00,20815.65,21064.75,20802.7,20986.15,0
2024-03-07 00:00:00,21017.95,21063.8,20947.85,21005.85,0
2024-03-11 00:00:00,21001.4,21020.4,20833.25,20862.55,0
2024-03-12 00:00:00,20867.95,21069.85,20647.85,20897.5,0
2024-03-13 00:00:00,20928.4,20960.45,20696.75,20758.2,0
2024-03-14 00:00:00,20725.3,20864.2,20590.5,20725.9,0
2024-03-15 00:00:00,20617.65,20706.45,20530.35,20644.3,0
2024-03-18 00:00:00,20572.95,20703.25,20413.15,20626.65,0
2024-03-19 00:00:00,20552.5,20651.6,20541.3,20601.95,0
2024-03-20 00:00:00,20591.0,20689.85,20362.8,20544.25,0
2024-03-21 00:00:00,20692.45,20822.75,20656.85,20714.8,0
2024-03-22 00:00:00,20693.75,20846.05,20667.35,20783.55,0
2024-03-26 00:00:00,20629.6,20769.35,20629.25,20705.95,0
2024-03-27 00:00:00,20737.25,20861.25,20737.25,20792.4,0
2024-03-28 00:00:00,20809.4,21141.75,20809.35,20989.1,0
2024-04-01 00:00:00,21108.75,21237.5,21100.2,21198.4,0
2024-04-02 00:00:00,21157.25,21220.45,21118.65,21150.95,0
2024-04-03 00:00:00,21069.3,21261.25,21065.25,21197.25,0
2024-04-04 00:00:00,21390.1,21457.45,21220.5,21373.5,0
2024-04-05 00:00:00,21375.4,21579.65,21294.95,21556.65,0
2024-04-08 00:00:00,21613.3,21669.15,21552.95,21604.5,0
2024-04-09 00:00:00,21716.55,21758.35,21625.15,21682.2,0
2024-04-10 00:00:00,21748.5,21754.25,21670.7,21717.7,0
2024-04-12 00:00:00,21584.95,21665.0,21484.35,21521.8,0
2024-04-15 00:00:00,21292.65,21377.3,21130.35,21146.0,0
2024-04-16 00:00:00,20996.95,21145.95,20964.1,21099.25,0
2024-04-18 00:00:00,21142.75,21228.2,20862.0,20899.45,0
2024-04-19 00:00:00,20758.95,21211.1,20694.35,21173.0,0
2024-04-22 00:00:00,21409.1,21409.7,21194.45,21326.5,0
2024-04-23 00:00:00,21476.0,21477.25,21302.7,21334.2,0
2024-04-24 00:00:00,21391.0,21481.65,21361.3,21442.6,0
2024-04-25 00:00:00,21290.55,21612.9,21269.5,21545.35,0
2024-04-26 00:00:00,21552.55,21552.55,21304.55,21354.05,0
2024-04-29 00:00:00,21426.25,21832.0,21418.15,21811.2,0
2024-04-30 00:00:00,21827.5,22073.7,21779.2,21841.15,0
2024-05-02 00:00:00,21785.45,21967.9,21773.85,21873.7,0
2024-05-03 00:00:00,22009.3,22136.6,21707.45,21797.4,0
2024-05-06 00:00:00,21857.75,21890.75,21707.05,21743.7,0
2024-05-07 00:00:00,21783.0,21807.75,21509.4,21543.5,0
2024-05-08 00:00:00,21457.3,21528.2,21396.4,21428.35,0
2024-05-09 00:00:00,21376.05,21475.25,21072.6,21093.5,0
2024-05-10 00:00:00,21120.35,21270.7,21017.65,21094.15,0
2024-05-13 00:00:00,21062.7,21288.55,20934.4,21249.8,0
2024-05-14 00:00:00,21247.5,21317.55,21184.95,21254.55,0
2024-05-15 00:00:00,21281.1,21293.8,21125.15,21186.0,0
2024-05-16 00:00:00,21308.05,21445.65,21093.85,21416.1,0
2024-05-17 00:00:00,21354.45,21509.5,21320.1,21478.3,0
2024-05-18 00:00:00,21511.4,21523.35,21469.5,21502.15,0
2024-05-21 00:00:00,21373.55,21495.8,21373.5,21438.2,0
2024-05-22 00:00:00,21463.7,21463.7,21198.8,21326.7,0
2024-05-23 00:00:00,21370.1,21759.2,21352.95,21731.65,0
2024-05-24 00:00:00,21686.0,21890.65,21673.1,21852.3,0
2024-05-27 00:00:00,21913.0,22143.45,21868.7,21965.6,0
2024-05-28 00:00:00,22011.35,22056.1,21917.05,21982.15,0
2024-05-29 00:00:00,21829.1,21914.4,21593.0,21620.45,0
2024-05-30 00:00:00,21530.4,21740.45,21529.6,21597.3,0
2024-05-31 00:00:00,21696.35,21786.8,21565.75,21718.3,0
2024-06-03 00:00:00,22600.4,22660.05,22259.4,22596.4,0
2024-06-04 00:00:00,22475.45,22475.45,20457.9,20819.5,0
2024-06-05 00:00:00,21048.9,21785.3,20666.95,21682.6,0
2024-06-06 00:00:00,21850.9,22034.9,21710.4,21894.9,0
2024-06-07 00:00:00,21937.85,22224.95,21814.45,22165.8,0
2024-06-10 00:00:00,22182.55,22326.55,22085.65,22154.85,0
2024-06-11 00:00:00,22140.05,22220.7,22038.3,22125.45,0
2024-06-12 00:00:00,22190.9,22376.75,22135.5,22232.4,0
2024-06-13 00:00:00,22355.95,22386.8,22273.9,22296.7,0
2024-06-14 00:00:00,22364.7,22446.9,22250.05,22411.95,0
2024-06-18 00:00:00,22486.1,22633.85,22355.25,22585.35,0
2024-06-19 00:00:00,22657.55,23154.25,22586.5,22943.95,0
2024-06-20 00:00:00,23065.45,23068.75,22818.25,23035.3,0
2024-06-21 00:00:00,23110.25,23110.4,22814.2,22991.55,0
2024-06-24 00:00:00,22833.8,23098.1,22811.05,23071.25,0
2024-06-25 00:00:00,23101.3,23577.5,23098.05,23510.65,0
2024-06-26 00:00:00,23518.85,23638.8,23402.1,23592.7,0
2024-06-27 00:00:00,23638.2,23763.2,23504.45,23624.85,0
2024-06-28 00:00:00,23644.2,23711.05,23379.55,23420.3,0
2024-07-01 00:00:00,23418.5,23660.25,23361.1,23631.05,0
2024-07-02 00:00:00,23732.55,23749.25,23395.95,23500.85,0
2024-07-03 00:00:00,23847.2,23991.45,23692.75,23923.75,0
2024-07-04 00:00:00,24044.25,24046.6,23808.95,23879.7,0
2024-07-05 00:00:00,23640.4,23719.4,23496.85,23641.75,0
2024-07-08 00:00:00,23615.6,23680.25,23476.8,23586.75,0
2024-07-09 00:00:00,23566.25,23685.8,23523.6,23662.6,0
2024-07-10 00:00:00,23647.5,23649.85,23478.0,23599.1,0
2024-07-11 00:00:00,23652.4,23684.5,23388.25,23599.45,0
2024-07-12 00:00:00,23606.95,23819.9,23553.0,23604.4,0
2024-07-15 00:00:00,23627.75,23775.25,23556.2,23691.85,0
2024-07-16 00:00:00,23696.0,23760.2,23628.85,23648.35,0
2024-07-18 00:00:00,23559.15,23838.5,23523.75,23783.5,0
2024-07-19 00:00:00,23737.7,23762.05,23566.05,23596.35,0
2024-07-22 00:00:00,23543.2,23719.05,23450.8,23626.8,0
2024-07-23 00:00:00,23710.3,23725.0,23111.05,23304.1,0
2024-07-24 00:00:00,23224.1,23388.35,22969.2,23165.1,0
2024-07-25 00:00:00,22921.6,23064.2,22866.15,23049.5,0
2024-07-26 00:00:00,22941.15,23358.95,22934.0,23316.7,0
2024-07-29 00:00:00,23371.0,23668.55,23222.15,23315.3,0
2024-07-30 00:00:00,23298.9,23583.85,23208.35,23338.0,0
2024-07-31 00:00:00,23364.95,23463.7,23348.15,23412.2,0
2024-08-01 00:00:00,23462.8,23550.65,23387.65,23435.85,0
2024-08-02 00:00:00,23254.2,23476.85,23238.25,23365.9,0
2024-08-05 00:00:00,22984.5,23086.15,22598.0,22762.7,0
2024-08-06 00:00:00,22917.85,23078.9,22497.8,22520.1,0
2024-08-07 00:00:00,22782.7,22857.95,22622.05,22804.75,0
2024-08-08 00:00:00,22762.95,22988.85,22679.6,22838.4,0
2024-08-09 00:00:00,23044.25,23088.55,22945.6,22983.3,0
2024-08-12 00:00:00,22966.6,23158.4,22830.8,23028.55,0
2024-08-13 00:00:00,22919.5,22989.15,22574.5,22596.8,0
2024-08-14 00:00:00,22636.4,22663.4,22518.85,22591.7,0
2024-08-16 00:00:00,22774.4,22997.1,22617.95,22976.2,0
2024-08-19 00:00:00,23062.4,23065.9,22872.0,22922.7,0
2024-08-20 00:00:00,22943.8,23247.2,22926.8,23178.15,0
2024-08-21 00:00:00,23123.0,23170.4,23014.05,23143.65,0
2024-08-22 00:00:00,23230.85,23283.85,23163.45,23247.15,0
2024-08-23 00:00:00,23275.15,23305.5,23199.95,23232.15,0
2024-08-26 00:00:00,23324.05,23437.45,23286.5,23386.2,0
2024-08-27 00:00:00,23402.9,23603.15,23280.4,23578.8,0
2024-08-28 00:00:00,23557.6,23571.2,23481.25,23521.5,0
2024-08-29 00:00:00,23519.5,23675.55,23484.85,23581.7,0
2024-08-30 00:00:00,23712.85,23718.2,23593.85,23637.9,0
2024-09-02 00:00:00,23756.7,23766.4,23663.15,23727.55,0
2024-09-03 00:00:00,23764.9,23950.95,23595.05,23922.2,0
2024-09-04 00:00:00,23772.1,23847.7,23742.4,23834.05,0
2024-09-05 00:00:00,23886.0,23921.6,23829.5,23859.5,0
2024-09-06 00:00:00,23750.8,23855.2,23473.0,23529.75,0
2024-09-09 00:00:00,23524.05,23735.25,23441.55,23722.15,0
2024-09-10 00:00:00,23806.95,23807.4,23559.2,23649.4,0
2024-09-11 00:00:00,23625.7,23725.35,23542.4,23582.5,0
2024-09-12 00:00:00,23712.2,23990.25,23578.45,23945.6,0
2024-09-13 00:00:00,24021.25,24021.25,23855.8,23979.55,0
2024-09-16 00:00:00,24034.35,24081.1,23932.7,23989.85,0
2024-09-17 00:00:00,24022.5,24049.7,23939.75,23991.55,0
2024-09-18 00:00:00,24006.25,24412.6,23998.25,24326.9,0
2024-09-19 00:00:00,24399.55,24584.45,24333.25,24403.65,0
2024-09-20 00:00:00,24488.1,24905.35,24407.7,24789.2,0
2024-09-23 00:00:00,24857.95,24994.25,24790.9,24953.1,0
2024-09-24 00:00:00,24959.65,25038.2,24849.35,24883.65,0
2024-09-25 00:00:00,24814.95,25007.8,24813.55,24987.75,0
2024-09-26 00:00:00,24965.45,25201.95,24945.9,25155.45,0
2024-09-27 00:00:00,25127.05,25127.05,24873.2,24907.95,0
2024-09-30 00:00:00,24799.25,24851.25,24459.5,24480.3,0
2024-10-01 00:00:00,24410.5,24609.1,24410.5,24477.45,0
2024-10-03 00:00:00,24215.25,24326.25,23819.8,23881.55,0
2024-10-04 00:00:00,23795.3,24035.75,23560.0,23621.8,0
2024-10-07 00:00:00,23641.4,23744.85,23120.5,23221.1,0
2024-10-08 00:00:00,23311.7,23511.05,23213.55,23452.85,0
2024-10-09 00:00:00,23518.15,23824.35,23467.55,23546.0,0
2024-10-10 00:00:00,23631.25,23821.15,23572.05,23764.65,0
2024-10-11 00:00:00,23740.95,23762.6,23527.0,23612.55,0
2024-10-14 00:00:00,23654.15,23888.55,23630.75,23857.55,0
2024-10-15 00:00:00,23948.05,23954.5,23808.65,23863.45,0
2024-10-16 00:00:00,23805.35,23983.75,23805.3,23882.35,0
2024-10-17 00:00:00,23904.35,23924.5,23531.35,23583.75,0
2024-10-18 00:00:00,23550.8,23987.5,23428.9,23938.1,0
2024-10-21 00:00:00,24096.8,24213.8,23899.1,23954.7,0
2024-10-22 00:00:00,24000.4,24124.75,23662.85,23700.35,0
2024-10-23 00:00:00,23597.25,23903.55,23597.05,23752.0,0
2024-10-24 00:00:00,23771.45,23965.75,23731.05,23854.15,0
2024-10-25 00:00:00,23910.3,23990.3,23551.05,23732.7,0
2024-10-28 00:00:00,23887.7,24033.55,23826.25,23861.85,0
2024-10-29 00:00:00,23877.95,24379.95,23799.8,24357.8,0
2024-10-30 00:00:00,24208.5,24308.9,23994.55,24037.4,0
2024-10-31 00:00:00,23966.85,24058.05,23804.8,23886.55,0
2024-11-01 00:00:00,23920.95,24019.45,23878.15,23947.6,0
2024-11-04 00:00:00,23997.9,23997.95,23606.9,23660.25,0
2024-11-05 00:00:00,23579.1,24174.0,23419.8,24128.9,0
2024-11-06 00:00:00,24218.35,24257.05,24097.95,24181.2,0
2024-11-07 00:00:00,24134.0,24194.6,23871.85,23966.6,0
2024-11-08 00:00:00,23948.5,24037.05,23801.55,23834.55,0
2024-11-11 00:00:00,23828.7,24145.25,23727.85,23959.95,0
2024-11-12 00:00:00,24050.7,24091.8,23486.25,23563.65,0
2024-11-13 00:00:00,23516.2,23632.35,23053.55,23138.4,0
2024-11-14 00:00:00,23100.15,23365.1,23089.55,23200.3,0
2024-11-18 00:00:00,23270.25,23347.9,23194.6,23257.7,0
2024-11-19 00:00:00,23361.6,23466.15,23289.85,23403.05,0
2024-11-21 00:00:00,23416.2,23426.2,23094.85,23273.45,0
2024-11-22 00:00:00,23324.7,23673.5,23319.3,23623.75,0
2024-11-25 00:00:00,24037.65,24135.8,23931.95,24058.7,0
2024-11-26 00:00:00,24229.75,24229.95,23954.0,24046.8,0
2024-11-27 00:00:00,24040.95,24201.65,24012.5,24171.55,0
2024-11-28 00:00:00,24211.9,24378.05,23854.7,23919.6,0
2024-11-29 00:00:00,23968.15,24035.45,23853.5,24010.15,0
2024-12-02 00:00:00,24033.4,24101.15,23854.8,24072.65,0
2024-12-03 00:00:00,24199.5,24347.8,24138.75,24296.55,0
2024-12-04 00:00:00,24339.2,24615.6,24314.1,24562.6,0
2024-12-05 00:00:00,24596.95,24874.85,24336.0,24731.25,0
2024-12-06 00:00:00,24731.85,24830.85,24562.9,24703.7,0
2024-12-09 00:00:00,24648.2,24856.75,24626.4,24722.6,0
2024-12-10 00:00:00,24754.45,24838.45,24681.4,24802.95,0
2024-12-11 00:00:00,24756.1,24865.7,24696.65,24803.05,0
2024-12-12 00:00:00,24717.55,24858.2,24695.8,24726.95,0
2024-12-13 00:00:00,24688.35,24911.15,24276.7,24880.4,0
2024-12-16 00:00:00,24846.9,24931.7,24755.35,24857.0,0
2024-12-17 00:00:00,24776.35,24821.1,24449.55,24498.9,0
2024-12-18 00:00:00,24441.9,24512.9,24140.45,24198.35,0
2024-12-19 00:00:00,23874.6,23977.45,23794.1,23906.6,0
2024-12-20 00:00:00,23834.45,23958.15,23525.75,23591.7,0
2024-12-23 00:00:00,23713.8,23889.15,23703.2,23785.55,0
2024-12-24 00:00:00,23794.45,23833.75,23680.2,23737.6,0
2024-12-26 00:00:00,23809.1,23949.5,23623.9,23743.8,0
2024-12-27 00:00:00,23799.0,23929.3,23757.85,23788.0,0
2024-12-30 00:00:00,23757.1,24047.35,23497.2,23565.3,0
2024-12-31 00:00:00,23462.95,23564.7,23440.45,23512.8,0
2025-01-01 00:00:00,23512.85,23715.05,23370.35,23619.95,0
2025-01-02 00:00:00,23632.3,24046.65,23632.3,24006.7,0
2025-01-03 00:00:00,24000.75,24035.15,23701.65,23735.7,0
2025-01-06 00:00:00,23738.05,23801.8,23243.45,23317.85,0
2025-01-07 00:00:00,23375.6,23519.1,23288.8,23430.3,0
2025-01-08 00:00:00,23420.85,23444.95,23050.3,23236.05,0
2025-01-09 00:00:00,23179.95,23221.1,22924.3,23026.15,0
2025-01-10 00:00:00,23010.35,23030.5,22684.65,22730.2,0
2025-01-13 00:00:00,22503.95,22659.5,22357.95,22400.45,0
2025-01-14 00:00:00,22521.1,22809.15,22505.55,22722.15,0
2025-01-15 00:00:00,22773.95,22821.9,22567.35,22680.1,0
2025-01-16 00:00:00,22842.75,22994.85,22832.4,22943.75,0
2025-01-17 00:00:00,22803.95,22839.3,22518.3,22608.2,0
2025-01-20 00:00:00,22697.7,23025.5,22638.9,22926.7,0
2025-01-21 00:00:00,23003.2,23009.4,22492.1,22548.9,0
2025-01-22 00:00:00,22607.1,22679.2,22367.3,22650.4,0
2025-01-23 00:00:00,22684.55,22719.55,22563.6,22625.85,0
2025-01-24 00:00:00,22616.9,22736.25,22458.45,22513.5,0
2025-01-27 00:00:00,22357.4,22494.2,22320.85,22383.1,0
2025-01-28 00:00:00,22650.85,22984.0,22589.7,22805.9,0
2025-01-29 00:00:00,22865.7,23060.5,22803.4,23044.95,0
2025-01-30 00:00:00,23088.6,23197.25,23012.9,23133.7,0
2025-01-31 00:00:00,23122.2,23267.75,23031.95,23220.55,0
2025-02-01 00:00:00,23231.75,23387.3,22795.95,23170.25,0
2025-02-03 00:00:00,22964.55,23164.6,22911.75,23132.45,0
2025-02-04 00:00:00,23288.3,23648.8,23239.6,23620.7,0
2025-02-05 00:00:00,23714.4,23743.8,23621.3,23664.4,0
2025-02-06 00:00:00,23705.5,23734.3,23571.55,23660.4,0
2025-02-07 00:00:00,23724.95,23780.45,23410.8,23539.75,0
